Activity Type,Date,Favorite,Title,Distance,Calories,Time,Avg HR,Max HR,Avg Run Cadence,Max Run Cadence,Avg Pace,Best Pace,Total Ascent,Total Descent,Avg Stride Length,Avg Vertical Ratio,Avg Vertical Oscillation,Avg Ground Contact Time,Training Stress ScoreÂ®,Avg Power,Max Power,Grit,Flow,Avg. Swolf,Avg Stroke Rate,Total Reps,Dive Time,Min Temp,Surface Interval,Decompression,Best Lap Time,Number of Laps,Max Temp,Moving Time,Elapsed Time,Min Elevation,Max Elevation
Running,2017-12-31 10:48:59,false,"Sevierville Running","13.62","1,462","01:29:31","0","0","175","187","6:34","5:59","381","425","1.40","0.0","0.0","0","0.0","0","0","0.0","0.0","0","0","0","0:00","0.0","0:00","No","00:00.00","14","0.0","01:29:30","01:32:18","958","1,181"
Running,2017-12-30 08:44:33,false,"Sevierville Running","5.83","631","00:41:23","0","0","176","191","7:06","6:32","169","9","1.29","0.0","0.0","0","0.0","0","0","0.0","0.0","0","0","0","0:00","0.0","0:00","No","00:00.00","6","0.0","00:41:25","00:41:35","1,001","1,174"
Running,2017-12-29 11:21:54,false,"Sevierville Running","8.22","881","00:50:45","0","0","176","191","6:10","5:21","285","184","1.47","0.0","0.0","0","0.0","0","0","0.0","0.0","0","0","0","0:00","0.0","0:00","No","00:00.00","10","0.0","00:50:45","00:51:27","968","1,167"
Running,2017-12-29 11:06:10,false,"Sevierville Running","1.97","209","00:13:42","0","0","174","191","6:57","6:19","48","181","1.34","0.0","0.0","0","0.0","0","0","0.0","0.0","0","0","0","0:00","0.0","0:00","No","00:00.00","2","0.0","00:13:41","00:14:01","1,028","1,178"
Running,2017-12-28 06:24:02,false,"Moss Point Running","7.37","797","00:52:04","0","0","173","185","7:04","6:23","182","195","1.32","0.0","0.0","0","0.0","0","0","0.0","0.0","0","0","0","0:00","0.0","0:00","No","00:00.00","8","0.0","00:52:03","00:52:16","64","135"
Running,2017-12-26 13:02:16,false,"Moss Point Running","1.78","193","00:12:13","0","0","173","180","6:52","6:35","16","17","1.36","0.0","0.0","0","0.0","0","0","0.0","0.0","0","0","0","0:00","0.0","0:00","No","00:00.00","2","0.0","00:12:12","00:12:13","60","102"
Running,2017-12-26 12:27:02,false,"Moss Point Running","5.40","582","00:31:54","0","0","178","197","5:54","4:34","20","27","1.52","0.0","0.0","0","0.0","0","0","0.0","0.0","0","0","0","0:00","0.0","0:00","No","00:00.00","12","0.0","00:31:37","00:33:58","89","102"
Running,2017-12-26 12:05:00,false,"Moss Point Running","1.86","203","00:13:29","0","0","172","176","7:15","6:39","12","16","1.30","0.0","0.0","0","0.0","0","0","0.0","0.0","0","0","0","0:00","0.0","0:00","No","00:00.00","2","0.0","00:13:29","00:16:09","89","115"
Running,2017-12-21 11:37:24,false,"Lucedale Running","7.39","798","00:49:19","0","0","172","180","6:41","6:16","168","170","1.40","0.0","0.0","0","0.0","0","0","0.0","0.0","0","0","0","0:00","0.0","0:00","No","00:00.00","8","0.0","00:49:21","00:50:01","63","135"
Running,2017-12-20 15:24:12,false,"Lucedale Running","4.31","462","00:29:34","0","0","172","178","6:51","6:26","79","65","1.37","0.0","0.0","0","0.0","0","0","0.0","0.0","0","0","0","0:00","0.0","0:00","No","00:00.00","5","0.0","00:29:36","00:30:28","75","135"
Running,2017-12-20 11:28:56,false,"Moss Point Running","4.43","473","00:29:47","0","0","172","245","6:44","5:48","57","72","1.39","0.0","0.0","0","0.0","0","0","0.0","0.0","0","0","0","0:00","0.0","0:00","No","00:00.00","5","0.0","00:29:46","00:30:07","70","124"
Running,2017-12-19 12:25:09,false,"Moss Point Running","1.92","207","00:13:13","0","0","169","174","6:54","6:26","36","41","1.38","0.0","0.0","0","0.0","0","0","0.0","0.0","0","0","0","0:00","0.0","0:00","No","00:00.00","2","0.0","00:13:14","00:13:13","89","115"
Running,2017-12-19 11:50:54,false,"Moss Point Running","5.22","561","00:30:51","0","0","176","196","5:55","4:36","17","30","1.54","0.0","0.0","0","0.0","0","0","0.0","0.0","0","0","0","0:00","0.0","0:00","No","00:00.00","12","0.0","00:30:48","00:30:51","84","102"
Running,2017-12-19 11:33:00,false,"Moss Point Running","2.00","213","00:13:56","0","0","169","176","6:59","6:28","25","32","1.37","0.0","0.0","0","0.0","0","0","0.0","0.0","0","0","0","0:00","0.0","0:00","No","00:00.00","2","0.0","00:13:42","00:15:06","89","115"
Running,2017-12-18 12:07:34,false,"Lucedale Running","7.46","807","00:51:04","0","0","169","180","6:51","6:18","145","148","1.39","0.0","0.0","0","0.0","0","0","0.0","0.0","0","0","0","0:00","0.0","0:00","No","00:00.00","8","0.0","00:51:04","00:51:04","63","131"
Running,2017-12-17 08:09:44,false,"Mobile Running","13.53","1,446","01:29:41","0","0","171","189","6:38","4:40","292","301","1.42","0.0","0.0","0","0.0","0","0","0.0","0.0","0","0","0","0:00","0.0","0:00","No","00:00.00","14","0.0","01:29:43","01:31:40","102","208"
Running,2017-12-15 11:23:29,false,"Moss Point Running","6.63","710","00:44:15","0","0","172","183","6:40","5:59","110","117","1.40","0.0","0.0","0","0.0","0","0","0.0","0.0","0","0","0","0:00","0.0","0:00","No","00:00.00","7","0.0","00:44:16","44:46:06","70","125"
Running,2017-12-14 12:37:42,false,"Moss Point Running","1.84","197","00:13:02","0","0","172","182","7:04","6:34","16","21","1.32","0.0","0.0","0","0.0","0","0","0.0","0.0","0","0","0","0:00","0.0","0:00","No","00:00.00","2","0.0","00:13:02","00:13:20","65","82"
Running,2017-12-14 11:52:06,false,"Moss Point Running","7.15","765","00:43:47","0","0","176","194","6:07","4:41","136","134","1.48","0.0","0.0","0","0.0","0","0","0.0","0.0","0","0","0","0:00","0.0","0:00","No","00:00.00","24","0.0","00:43:21","00:43:47","36","88"
Running,2017-12-14 11:36:08,false,"Moss Point Running","1.84","197","00:12:39","0","0","171","176","6:54","6:12","14","10","1.36","0.0","0.0","0","0.0","0","0","0.0","0.0","0","0","0","0:00","0.0","0:00","No","00:00.00","2","0.0","00:12:39","00:13:12","66","87"
Running,2017-12-13 11:26:30,false,"Lucedale Running","7.51","813","00:49:57","0","0","174","186","6:39","5:46","173","169","1.39","0.0","0.0","0","0.0","0","0","0.0","0.0","0","0","0","0:00","0.0","0:00","No","00:00.00","8","0.0","00:49:58","00:50:24","64","135"
Running,2017-12-12 16:08:30,false,"Lucedale Running","1.70","181","00:13:35","0","0","169","178","7:58","6:47","70","77","1.20","0.0","0.0","0","0.0","0","0","0.0","0.0","0","0","0","0:00","0.0","0:00","No","00:00.00","2","0.0","00:13:35","00:14:40","226","265"
Running,2017-12-12 15:34:46,false,"Lucedale Running","2.93","261","00:31:19","0","0","168","227","10:42","3:39","12","15","0.85","0.0","0.0","0","0.0","0","0","0.0","0.0","0","0","0","0:00","0.0","0:00","No","00:00.00","20","0.0","00:21:01","00:31:19","226","240"
Running,2017-12-12 08:51:12,false,"Lucedale Running","1.97","213","00:13:12","0","0","173","182","6:42","5:44","6","9","1.39","0.0","0.0","0","0.0","0","0","0.0","0.0","0","0","0","0:00","0.0","0:00","No","00:00.00","2","0.0","06:33:49","00:13:12","222","243"
Running,2017-12-11 11:33:50,false,"Lucedale Running","7.55","810","00:50:01","0","0","172","180","6:37","6:09","189","196","1.41","0.0","0.0","0","0.0","0","0","0.0","0.0","0","0","0","0:00","0.0","0:00","No","00:00.00","8","0.0","00:50:01","00:50:20","62","135"
Running,2017-12-10 08:30:38,false,"Mobile Running","15.52","1,657","01:39:55","0","0","175","183","6:26","5:52","555","556","1.43","0.0","0.0","0","0.0","0","0","0.0","0.0","0","0","0","0:00","0.0","0:00","No","00:00.00","16","0.0","01:39:55","01:42:07","87","209"
Running,2017-12-09 16:08:32,false,"Lucedale Running","3.89","419","00:25:50","0","0","172","183","6:39","5:59","51","53","1.41","0.0","0.0","0","0.0","0","0","0.0","0.0","0","0","0","0:00","0.0","0:00","No","00:00.00","4","0.0","00:25:50","00:25:50","77","135"
Running,2017-12-08 12:30:25,false,"Starkville Running","3.90","424","00:20:56","0","0","180","189","5:22","5:00","34","46","1.66","0.0","0.0","0","0.0","0","0","0.0","0.0","0","0","0","0:00","0.0","0:00","No","00:00.00","4","0.0","00:20:57","20:09:45","246","287"
Running,2017-11-25 09:02:33,false,"Mississippi State Running","12.95","1,373","01:20:01","0","0","179","197","6:11","3:58","281","283","1.45","0.0","0.0","0","0.0","0","0","0.0","0.0","0","0","0","0:00","0.0","0:00","No","00:00.00","13","0.0","01:20:02","01:28:11","289","384"
Running,2017-11-24 15:41:34,false,"Starkville Running","9.94","1,078","01:06:10","0","0","174","187","6:39","5:48","113","123","1.39","0.0","0.0","0","0.0","0","0","0.0","0.0","0","0","0","0:00","0.0","0:00","No","00:00.00","10","0.0","01:06:11","01:06:39","246","334"
Running,2017-11-23 09:04:24,false,"Moss Point Running","7.00","751","00:45:25","0","0","174","184","6:29","1:51","100","100","1.42","0.0","0.0","0","0.0","0","0","0.0","0.0","0","0","0","0:00","0.0","0:00","No","00:00.00","8","0.0","00:45:26","00:48:57","37","89"
Running,2017-11-20 08:02:22,false,"Starkville Running","5.86","632","00:38:17","0","0","175","186","6:32","6:03","142","376","1.41","0.0","0.0","0","0.0","0","0","0.0","0.0","0","0","0","0:00","0.0","0:00","No","00:00.00","6","0.0","00:38:18","61:59:53","101","344"
Running,2017-11-14 06:55:29,false,"Starkville Running","6.67","718","00:44:10","0","0","177","194","6:37","4:58","142","137","1.37","0.0","0.0","0","0.0","0","0","0.0","0.0","0","0","0","0:00","0.0","0:00","No","00:00.00","7","0.0","00:44:11","00:51:42","259","348"
Running,2017-11-13 07:04:18,false,"Starkville Running","4.17","451","00:29:51","0","0","176","191","7:10","5:17","103","98","1.28","0.0","0.0","0","0.0","0","0","0.0","0.0","0","0","0","0:00","0.0","0:00","No","00:00.00","5","0.0","00:29:51","00:29:51","298","348"
Running,2017-11-05 07:01:59,false,"Starkville Running","11.46","1,223","01:14:33","0","0","180","191","6:30","5:07","237","231","1.37","0.0","0.0","0","0.0","0","0","0.0","0.0","0","0","0","0:00","0.0","0:00","No","00:00.00","12","0.0","01:14:34","01:17:24","289","384"
Running,2017-11-02 07:06:38,false,"Starkville Running","5.45","588","00:40:01","0","0","177","190","7:21","6:39","108","103","1.24","0.0","0.0","0","0.0","0","0","0.0","0.0","0","0","0","0:00","0.0","0:00","No","00:00.00","6","0.0","00:40:01","00:41:36","259","338"
Running,2017-11-01 07:02:29,false,"Starkville Running","6.18","671","00:44:58","0","0","180","190","7:17","5:44","185","190","1.23","0.0","0.0","0","0.0","0","0","0.0","0.0","0","0","0","0:00","0.0","0:00","No","00:00.00","7","0.0","00:44:23","00:44:58","298","403"
Running,2017-10-30 16:03:02,false,"Starkville Running","4.01","433","00:28:51","0","0","175","184","7:11","6:09","10","20","1.28","0.0","0.0","0","0.0","0","0","0.0","0.0","0","0","0","0:00","0.0","0:00","No","00:00.00","5","0.0","00:27:03","00:30:06","243","269"
Running,2017-10-30 07:02:56,false,"Starkville Running","5.70","612","00:39:23","0","0","178","191","6:55","6:21","41","24","1.31","0.0","0.0","0","0.0","0","0","0.0","0.0","0","0","0","0:00","0.0","0:00","No","00:00.00","6","0.0","00:39:24","00:39:23","343","401"
Running,2017-10-29 07:04:45,false,"Starkville Running","12.19","1,316","01:26:01","0","0","178","191","7:03","6:11","323","328","1.28","0.0","0.0","0","0.0","0","0","0.0","0.0","0","0","0","0:00","0.0","0:00","No","00:00.00","13","0.0","01:25:55","01:28:15","289","382"
Running,2017-10-27 07:38:30,false,"Starkville Running","5.77","538","00:50:59","0","0","173","211","8:50","3:49","23","27","1.01","0.0","0.0","0","0.0","0","0","0.0","0.0","0","0","0","0:00","0.0","0:00","No","00:00.00","30","0.0","00:37:29","00:51:02","326","344"
Running,2017-10-26 15:31:33,false,"Starkville Running","4.04","427","00:27:39","0","0","173","187","6:51","6:03","21","61","1.36","0.0","0.0","0","0.0","0","0","0.0","0.0","0","0","0","0:00","0.0","0:00","No","00:00.00","5","0.0","00:27:41","00:27:49","342","401"
Running,2017-10-26 08:07:04,false,"Starkville Running","5.70","615","00:41:28","0","0","176","190","7:16","6:46","106","96","1.25","0.0","0.0","0","0.0","0","0","0.0","0.0","0","0","0","0:00","0.0","0:00","No","00:00.00","6","0.0","00:41:29","00:42:57","338","400"
Running,2017-10-25 07:02:35,false,"Starkville Running","7.09","765","00:49:40","0","0","174","185","7:01","6:16","162","171","1.32","0.0","0.0","0","0.0","0","0","0.0","0.0","0","0","0","0:00","0.0","0:00","No","00:00.00","8","0.0","00:49:39","00:51:29","259","347"
Running,2017-10-24 06:47:36,false,"Starkville Running","2.07","222","00:15:51","0","0","175","184","7:39","6:41","128","116","1.20","0.0","0.0","0","0.0","0","0","0.0","0.0","0","0","0","0:00","0.0","0:00","No","00:00.00","3","0.0","00:15:52","00:15:51","296","348"
Running,2017-10-23 07:03:08,false,"Starkville Running","8.37","906","00:57:30","0","0","176","187","6:52","5:37","200","204","1.33","0.0","0.0","0","0.0","0","0","0.0","0.0","0","0","0","0:00","0.0","0:00","No","00:00.00","9","0.0","00:57:31","00:58:09","259","356"
Running,2017-10-15 07:02:23,false,"Starkville Running","12.96","1,400","01:26:57","0","0","178","188","6:43","5:47","306","288","1.35","0.0","0.0","0","0.0","0","0","0.0","0.0","0","0","0","0:00","0.0","0:00","No","00:00.00","13","0.0","01:26:59","01:30:26","289","384"
Running,2017-10-12 08:50:35,false,"Starkville Running","4.45","484","00:33:51","0","0","171","180","7:36","6:47","20","19","1.23","0.0","0.0","0","0.0","0","0","0.0","0.0","0","0","0","0:00","0.0","0:00","No","00:00.00","5","0.0","00:33:51","00:34:55","243","262"
Running,2017-10-11 07:02:41,false,"Starkville Running","7.87","847","00:57:54","0","0","174","188","7:22","6:00","193","192","1.26","0.0","0.0","0","0.0","0","0","0.0","0.0","0","0","0","0:00","0.0","0:00","No","00:00.00","8","0.0","00:57:54","01:04:32","297","400"
Running,2017-10-09 17:04:51,false,"Starkville Running","3.89","422","00:29:06","0","0","170","180","7:29","6:54","16","10","1.26","0.0","0.0","0","0.0","0","0","0.0","0.0","0","0","0","0:00","0.0","0:00","No","00:00.00","4","0.0","00:29:06","00:30:28","243","266"
Running,2017-10-09 07:05:20,false,"Starkville Running","5.78","627","00:42:32","0","0","174","188","7:21","6:17","82","97","1.25","0.0","0.0","0","0.0","0","0","0.0","0.0","0","0","0","0:00","0.0","0:00","No","00:00.00","6","0.0","00:42:31","00:43:25","305","401"
Running,2017-10-08 07:04:26,false,"Starkville Running","14.59","1,575","01:40:43","0","0","175","190","6:54","5:38","323","311","1.33","0.0","0.0","0","0.0","0","0","0.0","0.0","0","0","0","0:00","0.0","0:00","No","00:00.00","15","0.0","01:39:38","01:43:05","289","400"
Running,2017-10-05 08:04:35,false,"Starkville Running","6.03","654","00:44:17","0","0","179","188","7:21","6:09","129","145","1.23","0.0","0.0","0","0.0","0","0","0.0","0.0","0","0","0","0:00","0.0","0:00","No","00:00.00","--","0.0","00:44:19","00:44:27","298","401"
Running,2017-10-04 07:02:12,false,"Starkville Running","7.92","861","00:59:59","0","0","176","192","7:35","6:33","150","165","1.20","0.0","0.0","0","0.0","0","0","0.0","0.0","0","0","0","0:00","0.0","0:00","No","00:00.00","--","0.0","00:59:58","01:00:41","259","344"
Running,2017-10-02 17:28:00,false,"Starkville Running","3.76","411","00:28:44","0","0","167","174","7:39","7:11","16","10","1.26","0.0","0.0","0","0.0","0","0","0.0","0.0","0","0","0","0:00","0.0","0:00","No","00:00.00","--","0.0","00:28:38","00:29:48","243","262"
Running,2017-10-02 07:03:04,false,"Starkville Running","6.97","750","00:49:33","0","0","174","186","7:07","5:50","126","130","1.30","0.0","0.0","0","0.0","0","0","0.0","0.0","0","0","0","0:00","0.0","0:00","No","00:00.00","--","0.0","00:49:32","00:50:29","306","402"
Running,2017-10-01 07:35:49,false,"Mobile Running","12.53","1,347","01:28:01","0","0","172","182","7:02","6:14","330","329","1.33","0.0","0.0","0","0.0","0","0","0.0","0.0","0","0","0","0:00","0.0","0:00","No","00:00.00","--","0.0","01:28:02","01:30:13","87","208"
Running,2017-09-30 08:04:09,false,"Lucedale Running","6.60","722","00:50:02","0","0","171","178","7:35","7:06","113","118","1.24","0.0","0.0","0","0.0","0","0","0.0","0.0","0","0","0","0:00","0.0","0:00","No","00:00.00","--","0.0","00:50:03","00:51:18","69","124"
Running,2017-09-29 08:20:05,false,"Starkville Running","2.91","308","00:16:09","0","0","180","210","5:33","4:20","97","87","1.61","0.0","0.0","0","0.0","0","0","0.0","0.0","0","0","0","0:00","0.0","0:00","No","00:00.00","--","0.0","00:16:09","00:44:50","299","344"
Running,2017-09-29 07:41:11,false,"Starkville Running","1.86","203","00:14:36","0","0","173","186","7:52","6:41","41","23","1.18","0.0","0.0","0","0.0","0","0","0.0","0.0","0","0","0","0:00","0.0","0:00","No","00:00.00","--","0.0","00:14:35","00:14:36","340","394"
Running,2017-09-28 08:05:24,false,"Starkville Running","7.70","837","00:57:02","0","0","173","189","7:25","6:46","176","166","1.25","0.0","0.0","0","0.0","0","0","0.0","0.0","0","0","0","0:00","0.0","0:00","No","00:00.00","--","0.0","00:57:03","00:58:16","299","386"
Running,2017-09-27 07:35:53,false,"Mississippi State Running","5.77","632","00:43:41","0","0","177","187","7:34","5:41","76","80","1.20","0.0","0.0","0","0.0","0","0","0.0","0.0","0","0","0","0:00","0.0","0:00","No","00:00.00","--","0.0","00:43:42","00:44:59","312","384"
Running,2017-09-26 06:42:58,false,"Starkville Running","1.93","209","00:15:18","0","0","172","184","7:56","5:34","43","47","1.18","0.0","0.0","0","0.0","0","0","0.0","0.0","0","0","0","0:00","0.0","0:00","No","00:00.00","--","0.0","00:14:39","00:15:40","298","344"
Running,2017-09-25 07:04:18,false,"Starkville Running","6.96","750","00:49:19","0","0","173","191","7:05","6:31","168","177","1.31","0.0","0.0","0","0.0","0","0","0.0","0.0","0","0","0","0:00","0.0","0:00","No","00:00.00","--","0.0","00:49:19","00:51:01","259","347"
Running,2017-09-21 18:38:52,false,"Starkville Running","3.91","421","00:28:15","0","0","171","176","7:14","6:37","33","23","1.30","0.0","0.0","0","0.0","0","0","0.0","0.0","0","0","0","0:00","0.0","0:00","No","00:00.00","--","0.0","00:28:00","00:28:38","259","283"
Running,2017-09-21 07:02:15,false,"Starkville Running","6.03","648","00:43:48","0","0","174","186","7:16","5:38","135","100","1.27","0.0","0.0","0","0.0","0","0","0.0","0.0","0","0","0","0:00","0.0","0:00","No","00:00.00","--","0.0","00:43:47","00:45:58","259","347"
Running,2017-09-19 07:01:08,false,"Starkville Running","8.15","886","01:00:35","0","0","173","240","7:26","6:39","136","166","1.25","0.0","0.0","0","0.0","0","0","0.0","0.0","0","0","0","0:00","0.0","0:00","No","00:00.00","--","0.0","01:00:33","01:07:39","299","385"
Running,2017-09-18 17:53:22,false,"Starkville Running","2.88","314","00:22:20","0","0","171","182","7:45","7:09","7","9","1.22","0.0","0.0","0","0.0","0","0","0.0","0.0","0","0","0","0:00","0.0","0:00","No","00:00.00","--","0.0","00:22:20","00:22:51","243","259"
Running,2017-09-17 18:19:41,false,"Starkville Running","10.77","1,178","01:21:19","0","0","174","239","7:33","6:25","319","298","1.22","0.0","0.0","0","0.0","0","0","0.0","0.0","0","0","0","0:00","0.0","0:00","No","00:00.00","--","0.0","01:21:05","01:35:08","298","385"
Running,2017-09-15 10:55:08,false,"Starkville Running","2.88","313","00:21:35","0","0","171","179","7:30","6:56","9","6","1.25","0.0","0.0","0","0.0","0","0","0.0","0.0","0","0","0","0:00","0.0","0:00","No","00:00.00","--","0.0","00:21:35","00:21:48","246","256"
Running,2017-09-14 07:07:46,false,"Starkville Running","4.72","519","00:35:13","0","0","178","236","7:27","5:12","44","99","1.22","0.0","0.0","0","0.0","0","0","0.0","0.0","0","0","0","0:00","0.0","0:00","No","00:00.00","--","0.0","00:35:13","00:37:45","305","402"
Running,2017-09-13 06:33:52,false,"Starkville Running","2.06","222","00:16:18","0","0","168","180","7:56","6:36","98","107","1.19","0.0","0.0","0","0.0","0","0","0.0","0.0","0","0","0","0:00","0.0","0:00","No","00:00.00","--","0.0","00:15:54","00:16:18","297","347"
Running,2017-09-11 15:11:40,false,"Starkville Running","3.82","410","00:27:55","0","0","166","173","7:19","6:45","5","7","1.33","0.0","0.0","0","0.0","0","0","0.0","0.0","0","0","0","0:00","0.0","0:00","No","00:00.00","--","0.0","00:27:55","00:29:34","243","269"
Running,2017-09-10 10:45:15,false,"Starkville Running","4.97","540","00:36:20","0","0","169","176","7:18","6:41","31","41","1.30","0.0","0.0","0","0.0","0","0","0.0","0.0","0","0","0","0:00","0.0","0:00","No","00:00.00","--","0.0","00:36:20","00:36:52","259","285"
Running,2017-09-09 08:37:03,false,"Ackerman Running","2.00","212","00:16:57","0","0","169","178","8:27","7:47","7","9","1.13","0.0","0.0","0","0.0","0","0","0.0","0.0","0","0","0","0:00","0.0","0:00","No","00:00.00","--","0.0","00:16:58","00:17:59","459","480"
Running,2017-09-09 07:01:01,false,"Running","1.84","202","00:14:01","0","0","171","190","7:38","7:02","--","--","1.24","0.0","0.0","0","0.0","0","0","0.0","0.0","0","0","0","0:00","0.0","0:00","No","00:00.00","--","0.0","00:14:03","00:17:22","--","--"
Running,2017-09-08 16:35:34,false,"Starkville Running","3.75","407","00:28:02","0","0","169","178","7:28","6:56","5","7","1.28","0.0","0.0","0","0.0","0","0","0.0","0.0","0","0","0","0:00","0.0","0:00","No","00:00.00","--","0.0","00:27:50","00:28:57","243","264"
Running,2017-09-08 07:05:48,false,"Starkville Running","5.71","620","00:42:52","0","0","171","178","7:31","6:36","107","118","1.25","0.0","0.0","0","0.0","0","0","0.0","0.0","0","0","0","0:00","0.0","0:00","No","00:00.00","--","0.0","00:42:54","00:45:17","259","338"
Running,2017-09-07 07:56:44,false,"Starkville Running","2.35","253","00:18:42","0","0","172","181","7:58","5:37","133","131","1.17","0.0","0.0","0","0.0","0","0","0.0","0.0","0","0","0","0:00","0.0","0:00","No","00:00.00","--","0.0","00:18:43","00:19:08","282","360"
Running,2017-09-07 06:38:07,false,"Starkville Running","2.92","318","00:22:36","0","0","173","186","7:44","6:51","149","140","1.20","0.0","0.0","0","0.0","0","0","0.0","0.0","0","0","0","0:00","0.0","0:00","No","00:00.00","--","0.0","00:22:36","00:22:36","282","372"
Running,2017-09-06 07:14:24,false,"Starkville Running","9.90","1,073","01:12:34","0","0","172","194","7:20","6:13","226","226","1.28","0.0","0.0","0","0.0","0","0","0.0","0.0","0","0","0","0:00","0.0","0:00","No","00:00.00","--","0.0","01:12:26","01:17:01","289","385"
Running,2017-09-05 06:52:04,false,"Starkville Running","1.65","178","00:12:10","0","0","173","180","7:22","6:59","59","32","1.26","0.0","0.0","0","0.0","0","0","0.0","0.0","0","0","0","0:00","0.0","0:00","No","00:00.00","--","0.0","00:12:10","00:12:10","298","344"
Running,2017-09-04 18:23:51,false,"Starkville Running","3.62","393","00:27:52","0","0","168","176","7:42","6:54","10","10","1.24","0.0","0.0","0","0.0","0","0","0.0","0.0","0","0","0","0:00","0.0","0:00","No","00:00.00","--","0.0","00:27:51","00:28:52","243","264"
Running,2017-09-04 07:34:07,false,"Starkville Running","7.01","758","00:48:25","0","0","174","210","6:55","6:26","107","39","1.34","0.0","0.0","0","0.0","0","0","0.0","0.0","0","0","0","0:00","0.0","0:00","No","00:00.00","--","0.0","00:48:26","00:49:36","259","347"
Running,2017-09-03 17:40:16,false,"Starkville Running","7.01","757","00:50:39","0","0","170","177","7:14","6:41","22","45","1.31","0.0","0.0","0","0.0","0","0","0.0","0.0","0","0","0","0:00","0.0","0:00","No","00:00.00","--","0.0","00:50:40","00:50:47","246","283"
Running,2017-09-01 07:28:23,false,"Starkville Running","3.87","422","00:28:51","0","0","169","175","7:27","7:04","33","23","1.28","0.0","0.0","0","0.0","0","0","0.0","0.0","0","0","0","0:00","0.0","0:00","No","00:00.00","--","0.0","00:28:52","00:30:48","260","284"
Running,2017-08-30 07:09:37,false,"Starkville Running","6.68","726","00:49:21","0","0","174","186","7:23","6:30","122","141","1.25","0.0","0.0","0","0.0","0","0","0.0","0.0","0","0","0","0:00","0.0","0:00","No","00:00.00","--","0.0","00:49:23","00:52:12","305","400"
Running,2017-08-28 17:10:56,false,"Starkville Running","2.93","321","00:21:52","0","0","166","174","7:28","7:04","--","7","1.30","0.0","0.0","0","0.0","0","0","0.0","0.0","0","0","0","0:00","0.0","0:00","No","00:00.00","--","0.0","00:21:53","00:21:52","243","256"
Running,2017-08-28 07:04:57,false,"Starkville Running","5.94","642","00:42:12","0","0","169","181","7:06","5:35","101","111","1.34","0.0","0.0","0","0.0","0","0","0.0","0.0","0","0","0","0:00","0.0","0:00","No","00:00.00","--","0.0","00:42:14","00:42:22","333","399"
Running,2017-08-27 16:47:47,false,"Starkville Running","3.92","423","00:28:29","0","0","166","174","7:16","6:43","13","21","1.33","0.0","0.0","0","0.0","0","0","0.0","0.0","0","0","0","0:00","0.0","0:00","No","00:00.00","--","0.0","00:28:30","00:29:37","259","287"
Running,2017-08-25 18:32:25,false,"Starkville Running","2.90","319","00:21:43","0","0","167","174","7:29","6:55","3","3","1.29","0.0","0.0","0","0.0","0","0","0.0","0.0","0","0","0","0:00","0.0","0:00","No","00:00.00","--","0.0","00:21:44","00:21:43","246","256"
Running,2017-08-25 07:28:15,false,"Starkville Running","4.94","539","00:36:52","0","0","171","186","7:28","5:57","81","104","1.26","0.0","0.0","0","0.0","0","0","0.0","0.0","0","0","0","0:00","0.0","0:00","No","00:00.00","--","0.0","00:36:53","00:37:50","305","400"
Running,2017-08-24 07:04:40,false,"Mississippi State Running","14.43","1,546","01:35:34","0","0","175","189","6:37","5:24","249","254","1.39","0.0","0.0","0","0.0","0","0","0.0","0.0","0","0","0","0:00","0.0","0:00","No","00:00.00","--","0.0","01:35:34","01:40:35","289","401"
Running,2017-08-23 17:51:58,false,"Starkville Running","3.85","420","00:28:35","0","0","168","183","7:26","6:55","3","7","1.29","0.0","0.0","0","0.0","0","0","0.0","0.0","0","0","0","0:00","0.0","0:00","No","00:00.00","--","0.0","00:28:37","00:28:35","243","256"
Running,2017-08-21 17:42:09,false,"Starkville Running","3.70","407","00:28:03","0","0","165","244","7:35","6:09","13","13","1.29","0.0","0.0","0","0.0","0","0","0.0","0.0","0","0","0","0:00","0.0","0:00","No","00:00.00","--","0.0","00:28:04","00:28:03","246","263"
Running,2017-08-21 07:02:53,false,"Starkville Running","7.01","753","00:49:10","0","0","169","176","7:01","6:40","148","149","1.36","0.0","0.0","0","0.0","0","0","0.0","0.0","0","0","0","0:00","0.0","0:00","No","00:00.00","--","0.0","00:49:09","00:49:10","259","347"
Running,2017-08-18 07:34:27,false,"Starkville Running","8.01","859","00:57:19","0","0","168","174","7:10","6:36","134","142","1.34","0.0","0.0","0","0.0","0","0","0.0","0.0","0","0","0","0:00","0.0","0:00","No","00:00.00","--","0.0","00:57:18","00:58:24","259","348"
Running,2017-08-17 18:32:25,false,"Starkville Running","3.49","382","00:26:29","0","0","167","173","7:36","7:00","13","13","1.27","0.0","0.0","0","0.0","0","0","0.0","0.0","0","0","0","0:00","0.0","0:00","No","00:00.00","--","0.0","00:26:29","00:26:39","243","256"
Running,2017-08-16 07:05:16,false,"Starkville Running","7.90","847","00:55:17","0","0","171","184","7:00","6:21","237","255","1.35","0.0","0.0","0","0.0","0","0","0.0","0.0","0","0","0","0:00","0.0","0:00","No","00:00.00","--","0.0","00:55:17","01:30:06","259","348"
Running,2017-08-15 07:08:49,false,"Starkville Running","5.37","577","00:35:00","0","0","173","199","6:31","4:50","102","173","1.42","0.0","0.0","0","0.0","0","0","0.0","0.0","0","0","0","0:00","0.0","0:00","No","00:00.00","--","0.0","00:35:00","00:41:06","259","393"
Running,2017-08-14 07:08:20,false,"Starkville Running","7.94","849","00:53:50","0","0","168","176","6:47","6:18","190","196","1.42","0.0","0.0","0","0.0","0","0","0.0","0.0","0","0","0","0:00","0.0","0:00","No","00:00.00","--","0.0","00:53:49","00:56:09","297","400"
Running,2017-08-11 08:32:30,false,"Starkville Running","5.60","601","00:39:38","0","0","168","176","7:05","6:42","69","55","1.35","0.0","0.0","0","0.0","0","0","0.0","0.0","0","0","0","0:00","0.0","0:00","No","00:00.00","--","0.0","00:39:38","00:44:55","259","288"
Running,2017-08-10 19:17:12,false,"Starkville Running","6.91","743","00:50:01","0","0","165","215","7:14","3:19","113","111","1.35","0.0","0.0","0","0.0","0","0","0.0","0.0","0","0","0","0:00","0.0","0:00","No","00:00.00","--","0.0","00:50:04","00:51:48","312","366"
Running,2017-08-09 19:10:57,false,"Starkville Running","7.52","819","00:56:39","0","0","164","184","7:32","6:53","208","208","1.30","0.0","0.0","0","0.0","0","0","0.0","0.0","0","0","0","0:00","0.0","0:00","No","00:00.00","--","0.0","00:56:17","00:57:46","246","346"
Running,2017-08-08 06:41:54,false,"Moss Point Running","4.02","430","00:25:06","0","0","174","196","6:14","4:32","115","120","1.48","0.0","0.0","0","0.0","0","0","0.0","0.0","0","0","0","0:00","0.0","0:00","No","00:00.00","--","0.0","00:25:06","00:25:06","69","125"
Running,2017-08-08 06:25:16,false,"Moss Point Running","1.89","201","00:14:22","0","0","164","170","7:35","6:54","38","36","1.29","0.0","0.0","0","0.0","0","0","0.0","0.0","0","0","0","0:00","0.0","0:00","No","00:00.00","--","0.0","00:14:22","00:14:22","75","112"
Running,2017-08-07 07:22:19,false,"Moss Point Running","7.93","859","00:54:55","0","0","168","174","6:56","6:31","64","73","1.39","0.0","0.0","0","0.0","0","0","0.0","0.0","0","0","0","0:00","0.0","0:00","No","00:00.00","--","0.0","00:54:56","00:55:06","36","88"
Running,2017-08-05 06:33:27,false,"Mobile Running","14.74","1,585","01:41:04","0","0","168","185","6:51","5:19","428","428","1.40","0.0","0.0","0","0.0","0","0","0.0","0.0","0","0","0","0:00","0.0","0:00","No","00:00.00","--","0.0","01:41:04","01:43:44","86","208"
Running,2017-08-04 09:30:29,false,"Moss Point Running","8.78","952","01:04:02","0","0","164","172","7:17","6:34","195","198","1.33","0.0","0.0","0","0.0","0","0","0.0","0.0","0","0","0","0:00","0.0","0:00","No","00:00.00","--","0.0","01:03:59","01:05:07","63","135"
Running,2017-08-03 10:56:48,false,"Gulf Shores Running","9.90","1,060","01:06:55","0","0","169","188","6:45","5:17","73","86","1.41","0.0","0.0","0","0.0","0","0","0.0","0.0","0","0","0","0:00","0.0","0:00","No","00:00.00","--","0.0","01:06:57","01:09:50","1","36"
Running,2017-08-02 07:29:49,false,"Moss Point Running","7.93","862","00:58:27","0","0","167","175","7:22","6:42","191","196","1.30","0.0","0.0","0","0.0","0","0","0.0","0.0","0","0","0","0:00","0.0","0:00","No","00:00.00","--","0.0","00:58:27","00:58:56","63","135"
Running,2017-08-01 08:47:58,false,"Moss Point Running","1.00","109","00:07:56.9","0","0","164","170","7:58","7:07","9","10","1.23","0.0","0.0","0","0.0","0","0","0.0","0.0","0","0","0","0:00","0.0","0:00","No","00:00.00","--","0.0","00:07:54","00:07:56.9","69","88"
Running,2017-08-01 08:07:10,false,"Moss Point Running","6.42","693","00:38:28","0","0","174","194","5:59","4:58","71","86","1.53","0.0","0.0","0","0.0","0","0","0.0","0.0","0","0","0","0:00","0.0","0:00","No","00:00.00","--","0.0","00:38:29","00:38:28","37","87"
Running,2017-08-01 07:54:01,false,"Moss Point Running","1.45","159","00:10:50","0","0","165","172","7:30","6:55","12","--","1.30","0.0","0.0","0","0.0","0","0","0.0","0.0","0","0","0","0:00","0.0","0:00","No","00:00.00","--","0.0","00:10:50","00:10:50","66","87"
Running,2017-07-31 07:19:40,false,"Moss Point Running","11.80","1,271","01:21:43","0","0","169","178","6:56","5:53","218","219","1.38","0.0","0.0","0","0.0","0","0","0.0","0.0","0","0","0","0:00","0.0","0:00","No","00:00.00","--","0.0","01:21:42","01:22:49","63","135"
Running,2017-07-30 08:55:18,false,"Waynesboro Running","6.53","707","00:49:51","0","0","166","184","7:38","6:35","93","181","1.27","0.0","0.0","0","0.0","0","0","0.0","0.0","0","0","0","0:00","0.0","0:00","No","00:00.00","--","0.0","00:49:52","00:50:25","256","350"
Running,2017-07-29 09:13:04,false,"Waynesboro Running","12.94","1,309","01:32:04","0","0","168","238","7:07","5:56","240","296","1.35","0.0","0.0","0","0.0","0","0","0.0","0.0","0","0","0","0:00","0.0","0:00","No","00:00.00","--","0.0","01:32:05","01:33:56","236","362"
Running,2017-07-28 07:12:51,false,"Lucedale Running","8.50","928","01:04:02","0","0","166","174","7:32","6:57","159","149","1.29","0.0","0.0","0","0.0","0","0","0.0","0.0","0","0","0","0:00","0.0","0:00","No","00:00.00","--","0.0","01:04:02","01:05:22","86","140"
Running,2017-07-27 07:47:40,false,"Moss Point Running","4.50","487","00:32:54","0","0","167","174","7:19","6:48","99","96","1.32","0.0","0.0","0","0.0","0","0","0.0","0.0","0","0","0","0:00","0.0","0:00","No","00:00.00","--","0.0","00:32:55","00:34:04","43","106"
Running,2017-07-27 06:54:14,false,"Moss Point Running","4.70","511","00:35:52","0","0","167","174","7:38","6:33","17","28","1.26","0.0","0.0","0","0.0","0","0","0.0","0.0","0","0","0","0:00","0.0","0:00","No","00:00.00","--","0.0","00:35:52","00:39:18","60","102"
Running,2017-07-26 05:43:19,false,"Lucedale Running","5.37","588","00:42:01","0","0","166","172","7:50","6:44","5","13","1.24","0.0","0.0","0","0.0","0","0","0.0","0.0","0","0","0","0:00","0.0","0:00","No","00:00.00","--","0.0","00:42:01","00:42:28","86","140"
Running,2017-07-25 07:36:48,false,"Mobile Running","9.00","967","01:00:13","0","0","172","188","6:41","5:19","175","176","1.39","0.0","0.0","0","0.0","0","0","0.0","0.0","0","0","0","0:00","0.0","0:00","No","00:00.00","--","0.0","01:00:09","01:03:36","137","208"
Running,2017-07-24 07:13:22,false,"Lucedale Running","11.41","1,234","01:22:36","0","0","168","176","7:14","6:42","261","268","1.32","0.0","0.0","0","0.0","0","0","0.0","0.0","0","0","0","0:00","0.0","0:00","No","00:00.00","--","0.0","01:22:37","01:23:24","63","140"
Running,2017-07-23 07:29:07,false,"Moss Point Running","6.65","727","00:50:01","0","0","167","176","7:32","6:13","118","128","1.28","0.0","0.0","0","0.0","0","0","0.0","0.0","0","0","0","0:00","0.0","0:00","No","00:00.00","--","0.0","00:50:02","00:50:35","63","124"
Running,2017-07-22 06:26:31,false,"Mobile Running","13.25","1,402","01:32:01","0","0","169","185","6:57","5:33","436","446","1.37","0.0","0.0","0","0.0","0","0","0.0","0.0","0","0","0","0:00","0.0","0:00","No","00:00.00","--","0.0","01:32:01","01:32:16","87","208"
Running,2017-07-21 07:27:55,false,"Moss Point Running","7.72","833","00:55:15","0","0","168","175","7:09","6:46","80","65","1.34","0.0","0.0","0","0.0","0","0","0.0","0.0","0","0","0","0:00","0.0","0:00","No","00:00.00","--","0.0","00:55:15","00:56:10","36","88"
Running,2017-07-20 07:35:40,false,"Moss Point Running","7.04","743","00:46:40","0","0","169","185","6:38","5:24","175","178","1.46","0.0","0.0","0","0.0","0","0","0.0","0.0","0","0","0","0:00","0.0","0:00","No","00:00.00","--","0.0","00:46:38","00:51:17","69","125"
Running,2017-07-20 07:10:17,false,"Lucedale Running","3.00","327","00:23:29","0","0","165","172","7:50","6:58","44","59","1.24","0.0","0.0","0","0.0","0","0","0.0","0.0","0","0","0","0:00","0.0","0:00","No","00:00.00","--","0.0","00:23:09","00:23:48","76","128"
Running,2017-07-19 05:37:01,false,"Lucedale Running","5.78","629","00:43:46","0","0","167","174","7:34","6:59","104","118","1.27","0.0","0.0","0","0.0","0","0","0.0","0.0","0","0","0","0:00","0.0","0:00","No","00:00.00","--","0.0","00:43:46","00:44:17","69","135"
Running,2017-07-18 07:26:25,false,"Running","9.32","997","01:00:48","0","0","170","199","6:31","4:32","--","--","1.45","0.0","0.0","0","0.0","0","0","0.0","0.0","0","0","0","0:00","0.0","0:00","No","00:00.00","--","0.0","01:00:42","01:03:01","--","--"
Running,2017-07-17 16:57:44,false,"Lucedale Running","6.81","732","00:48:01","0","0","166","173","7:03","6:28","115","130","1.37","0.0","0.0","0","0.0","0","0","0.0","0.0","0","0","0","0:00","0.0","0:00","No","00:00.00","--","0.0","00:48:02","00:48:01","70","128"
Running,2017-07-16 07:30:33,false,"Moss Point Running","5.95","641","00:42:57","0","0","167","176","7:13","6:45","74","71","1.33","0.0","0.0","0","0.0","0","0","0.0","0.0","0","0","0","0:00","0.0","0:00","No","00:00.00","--","0.0","00:42:57","00:43:07","36","87"
Running,2017-07-15 07:12:53,false,"Mobile Running","10.58","1,103","01:14:06","0","0","169","183","7:00","5:34","185","198","1.36","0.0","0.0","0","0.0","0","0","0.0","0.0","0","0","0","0:00","0.0","0:00","No","00:00.00","--","0.0","01:14:08","01:14:51","137","210"
Running,2017-07-14 09:11:50,false,"Lucedale Running","6.82","739","00:50:02","0","0","167","174","7:20","6:37","109","103","1.31","0.0","0.0","0","0.0","0","0","0.0","0.0","0","0","0","0:00","0.0","0:00","No","00:00.00","--","0.0","00:50:03","00:50:20","86","141"
Running,2017-07-13 07:50:39,false,"Moss Point Running","4.93","522","00:36:02","0","0","168","226","7:19","3:07","26","28","1.31","0.0","0.0","0","0.0","0","0","0.0","0.0","0","0","0","0:00","0.0","0:00","No","00:00.00","--","0.0","00:36:01","07:52:25","74","102"
Running,2017-07-13 07:26:53,false,"Moss Point Running","2.87","308","00:20:58","0","0","167","174","7:18","6:37","11","24","1.32","0.0","0.0","0","0.0","0","0","0.0","0.0","0","0","0","0:00","0.0","0:00","No","00:00.00","--","0.0","00:20:59","00:21:40","85","102"
Running,2017-07-12 05:55:52,false,"Lucedale Running","3.77","409","00:29:02","0","0","166","173","7:42","6:41","76","97","1.25","0.0","0.0","0","0.0","0","0","0.0","0.0","0","0","0","0:00","0.0","0:00","No","00:00.00","--","0.0","00:29:02","00:29:04","86","140"
Running,2017-07-11 08:02:28,false,"Moss Point Running","3.40","368","00:22:42","0","0","171","205","6:40","4:17","10","15","1.41","0.0","0.0","0","0.0","0","0","0.0","0.0","0","0","0","0:00","0.0","0:00","No","00:00.00","--","0.0","00:22:40","00:23:36","89","102"
Running,2017-07-11 07:29:48,false,"Moss Point Running","3.48","375","00:24:40","0","0","167","176","7:05","6:28","21","23","1.36","0.0","0.0","0","0.0","0","0","0.0","0.0","0","0","0","0:00","0.0","0:00","No","00:00.00","--","0.0","00:24:39","00:26:46","65","115"
Running,2017-07-10 07:16:21,false,"Lucedale Running","8.98","966","01:05:27","0","0","169","177","7:17","6:15","126","108","1.30","0.0","0.0","0","0.0","0","0","0.0","0.0","0","0","0","0:00","0.0","0:00","No","00:00.00","--","0.0","01:02:56","01:06:17","95","140"
Running,2017-07-09 07:37:21,false,"Moss Point Running","6.00","649","00:43:19","0","0","168","174","7:13","6:48","81","82","1.32","0.0","0.0","0","0.0","0","0","0.0","0.0","0","0","0","0:00","0.0","0:00","No","00:00.00","--","0.0","00:43:22","00:43:19","36","88"
Running,2017-07-08 06:35:28,false,"Mobile Running","12.93","1,378","01:28:06","0","0","170","187","6:49","5:36","389","388","1.39","0.0","0.0","0","0.0","0","0","0.0","0.0","0","0","0","0:00","0.0","0:00","No","00:00.00","--","0.0","01:28:07","01:29:12","86","207"
Running,2017-07-07 06:29:07,false,"Moss Point Running","7.93","856","00:57:46","0","0","166","174","7:17","6:47","73","76","1.33","0.0","0.0","0","0.0","0","0","0.0","0.0","0","0","0","0:00","0.0","0:00","No","00:00.00","--","0.0","00:57:45","00:58:21","36","88"
Running,2017-07-06 06:15:16,false,"Lucedale Running","7.87","844","00:53:14","0","0","170","184","6:46","5:14","149","136","1.40","0.0","0.0","0","0.0","0","0","0.0","0.0","0","0","0","0:00","0.0","0:00","No","00:00.00","--","0.0","00:53:12","00:53:14","86","141"
Running,2017-07-05 06:21:46,false,"Moss Point Running","5.92","639","00:43:42","0","0","168","172","7:23","6:40","106","105","1.30","0.0","0.0","0","0.0","0","0","0.0","0.0","0","0","0","0:00","0.0","0:00","No","00:00.00","--","0.0","00:43:41","00:43:45","69","124"
Running,2017-07-04 07:05:13,false,"Mobile Running","9.94","1,066","01:15:01","0","0","169","196","7:33","5:53","275","279","1.26","0.0","0.0","0","0.0","0","0","0.0","0.0","0","0","0","0:00","0.0","0:00","No","00:00.00","--","0.0","01:14:45","01:20:03","125","193"
Running,2017-07-03 07:14:55,false,"Moss Point Running","10.90","1,171","01:15:45","0","0","167","174","6:57","6:22","282","282","1.38","0.0","0.0","0","0.0","0","0","0.0","0.0","0","0","0","0:00","0.0","0:00","No","00:00.00","--","0.0","01:15:46","01:20:18","63","135"
Running,2017-07-02 08:31:58,false,"Moss Point Running","6.00","647","00:43:02","0","0","167","172","7:10","6:39","93","97","1.34","0.0","0.0","0","0.0","0","0","0.0","0.0","0","0","0","0:00","0.0","0:00","No","00:00.00","--","0.0","00:43:01","00:44:15","36","86"
Running,2017-07-01 07:12:05,false,"Mobile Running","12.90","1,358","01:29:18","0","0","169","179","6:55","6:15","274","282","1.38","0.0","0.0","0","0.0","0","0","0.0","0.0","0","0","0","0:00","0.0","0:00","No","00:00.00","--","0.0","01:29:19","01:31:41","85","209"
Running,2017-06-29 17:32:18,false,"Moss Point Running","10.02","1,060","01:06:03","0","0","169","180","6:36","5:23","233","233","1.44","0.0","0.0","0","0.0","0","0","0.0","0.0","0","0","0","0:00","0.0","0:00","No","00:00.00","--","0.0","01:06:01","01:09:42","62","135"
Running,2017-06-27 07:54:49,false,"Moss Point Running","5.93","640","00:42:17","0","0","170","178","7:08","6:33","129","134","1.33","0.0","0.0","0","0.0","0","0","0.0","0.0","0","0","0","0:00","0.0","0:00","No","00:00.00","--","0.0","00:42:17","00:42:46","69","124"
Running,2017-06-25 06:49:18,false,"Mobile Running","10.86","1,155","01:14:36","0","0","170","176","6:52","6:10","325","371","1.38","0.0","0.0","0","0.0","0","0","0.0","0.0","0","0","0","0:00","0.0","0:00","No","00:00.00","--","0.0","01:14:35","01:15:17","87","196"
Running,2017-06-22 16:55:37,false,"Lucedale Running","7.73","828","00:55:36","0","0","168","226","7:12","6:33","160","160","1.33","0.0","0.0","0","0.0","0","0","0.0","0.0","0","0","0","0:00","0.0","0:00","No","00:00.00","--","0.0","00:55:34","01:03:26","86","140"
Running,2017-06-21 07:49:18,false,"Lucedale Running","4.97","532","00:34:47","0","0","169","192","7:00","6:17","130","134","1.36","0.0","0.0","0","0.0","0","0","0.0","0.0","0","0","0","0:00","0.0","0:00","No","00:00.00","--","0.0","00:34:47","00:34:47","86","141"
Running,2017-06-20 11:53:21,false,"Lucedale Running","6.90","748","00:49:58","0","0","167","174","7:14","6:32","315","319","1.33","0.0","0.0","0","0.0","0","0","0.0","0.0","0","0","0","0:00","0.0","0:00","No","00:00.00","--","0.0","00:49:59","00:50:58","73","157"
Running,2017-06-19 07:26:52,false,"Lucedale Running","8.98","973","01:01:44","0","0","171","178","6:53","6:09","324","335","1.37","0.0","0.0","0","0.0","0","0","0.0","0.0","0","0","0","0:00","0.0","0:00","No","00:00.00","--","0.0","01:01:45","01:03:10","62","159"
Running,2017-06-18 18:43:25,false,"Moss Point Running","4.91","519","00:36:25","0","0","166","173","7:25","5:51","80","70","1.31","0.0","0.0","0","0.0","0","0","0.0","0.0","0","0","0","0:00","0.0","0:00","No","00:00.00","--","0.0","00:36:26","00:36:25","70","125"
Running,2017-06-17 07:12:18,false,"Mobile Running","11.07","1,190","01:16:31","0","0","170","176","6:55","6:02","346","350","1.37","0.0","0.0","0","0.0","0","0","0.0","0.0","0","0","0","0:00","0.0","0:00","No","00:00.00","--","0.0","01:16:32","01:16:58","87","193"
Running,2017-06-16 08:03:59,false,"Lucedale Running","7.00","760","00:52:01","0","0","168","177","7:26","6:37","328","310","1.29","0.0","0.0","0","0.0","0","0","0.0","0.0","0","0","0","0:00","0.0","0:00","No","00:00.00","--","0.0","00:52:02","00:52:41","73","160"
Running,2017-06-15 07:06:16,false,"Moss Point Running","8.95","969","01:01:21","0","0","170","177","6:51","6:13","179","180","1.38","0.0","0.0","0","0.0","0","0","0.0","0.0","0","0","0","0:00","0.0","0:00","No","00:00.00","--","0.0","01:01:21","01:02:11","62","135"
Running,2017-06-13 07:51:33,false,"Clearwater Beach Running","7.95","859","00:53:16","0","0","171","182","6:42","6:13","--","--","1.40","0.0","0.0","0","0.0","0","0","0.0","0.0","0","0","0","0:00","0.0","0:00","No","00:00.00","--","0.0","00:00:00","00:54:33","--","7"
Running,2017-06-12 07:39:42,false,"Clearwater Beach Running","6.97","753","00:47:24","0","0","170","177","6:48","6:13","6","3","1.39","0.0","0.0","0","0.0","0","0","0.0","0.0","0","0","0","0:00","0.0","0:00","No","00:00.00","--","0.0","00:00:00","00:48:13","--","7"
Running,2017-06-10 06:47:10,false,"Clearwater Beach Running","9.95","1,070","01:08:11","0","0","171","177","6:51","6:20","66","65","1.37","0.0","0.0","0","0.0","0","0","0.0","0.0","0","0","0","0:00","0.0","0:00","No","00:00.00","--","0.0","00:00:00","01:13:40","--","56"
Running,2017-06-09 08:10:40,false,"Clearwater Beach Running","6.99","753","00:48:26","0","0","170","226","6:56","5:51","62","59","1.37","0.0","0.0","0","0.0","0","0","0.0","0.0","0","0","0","0:00","0.0","0:00","No","00:00.00","--","0.0","00:00:00","00:51:38","--","43"
Running,2017-06-08 06:54:10,false,"Moss Point Running","5.93","643","00:43:10","0","0","169","177","7:17","6:36","101","109","1.31","0.0","0.0","0","0.0","0","0","0.0","0.0","0","0","0","0:00","0.0","0:00","No","00:00.00","--","0.0","00:00:00","00:43:10","69","124"
Running,2017-06-07 06:11:40,false,"Moss Point Running","7.90","853","00:56:01","0","0","169","176","7:05","6:22","93","96","1.34","0.0","0.0","0","0.0","0","0","0.0","0.0","0","0","0","0:00","0.0","0:00","No","00:00.00","--","0.0","00:00:00","00:57:14","69","124"
Running,2017-06-06 07:12:44,false,"Moss Point Running","5.84","632","00:44:31","0","0","167","174","7:38","6:46","123","140","1.26","0.0","0.0","0","0.0","0","0","0.0","0.0","0","0","0","0:00","0.0","0:00","No","00:00.00","--","0.0","00:00:00","00:44:31","69","125"
Running,2017-06-05 09:02:40,false,"Moss Point Running","8.09","866","00:56:37","0","0","168","223","7:00","6:18","201","204","1.37","0.0","0.0","0","0.0","0","0","0.0","0.0","0","0","0","0:00","0.0","0:00","No","00:00.00","--","0.0","00:00:00","00:59:50","69","135"
Running,2017-06-02 10:20:08,false,"Lucedale Running","6.86","743","00:49:25","0","0","167","180","7:12","6:13","124","145","1.34","0.0","0.0","0","0.0","0","0","0.0","0.0","0","0","0","0:00","0.0","0:00","No","00:00.00","--","0.0","00:00:00","00:50:43","86","141"
Running,2017-05-31 06:11:51,false,"Lucedale Running","7.83","847","00:56:29","0","0","167","177","7:13","6:09","315","289","1.33","0.0","0.0","0","0.0","0","0","0.0","0.0","0","0","0","0:00","0.0","0:00","No","00:00.00","--","0.0","00:00:00","00:56:58","51","159"
Running,2017-05-29 09:07:17,false,"Lucedale Running","7.63","821","00:54:31","0","0","168","173","7:09","6:42","221","223","1.34","0.0","0.0","0","0.0","0","0","0.0","0.0","0","0","0","0:00","0.0","0:00","No","00:00.00","--","0.0","00:00:00","00:56:07","42","159"
Running,2017-05-28 06:30:15,false,"Moss Point Running","9.08","977","01:05:01","0","0","167","174","7:10","6:40","88","100","1.34","0.0","0.0","0","0.0","0","0","0.0","0.0","0","0","0","0:00","0.0","0:00","No","00:00.00","--","0.0","00:00:00","01:05:24","69","124"
Running,2017-05-09 17:47:25,false,"Moss Point Running","5.82","629","00:40:01","0","0","169","182","6:53","6:17","86","84","1.39","0.0","0.0","0","0.0","0","0","0.0","0.0","0","0","0","0:00","0.0","0:00","No","00:00.00","--","0.0","00:00:00","00:40:08","69","124"
Running,2017-05-08 18:07:45,false,"Lucedale Running","4.27","462","00:29:50","0","0","168","174","7:00","6:30","99","106","1.37","0.0","0.0","0","0.0","0","0","0.0","0.0","0","0","0","0:00","0.0","0:00","No","00:00.00","--","0.0","00:00:00","00:29:50","69","125"
Running,2017-05-06 09:59:57,false,"Nashville Running","5.74","619","00:40:14","0","0","170","196","7:01","6:08","67","94","1.35","0.0","0.0","0","0.0","0","0","0.0","0.0","0","0","0","0:00","0.0","0:00","No","00:00.00","--","0.0","00:00:00","00:43:25","531","608"
Running,2017-05-05 08:06:53,false,"Moss Point Running","5.13","556","00:35:01","0","0","170","174","6:50","6:14","69","68","1.38","0.0","0.0","0","0.0","0","0","0.0","0.0","0","0","0","0:00","0.0","0:00","No","00:00.00","--","0.0","00:00:00","00:35:01","36","88"
Running,2017-05-04 12:39:49,false,"Moss Point Running","5.82","632","00:40:02","0","0","169","232","6:52","5:26","14","31","1.39","0.0","0.0","0","0.0","0","0","0.0","0.0","0","0","0","0:00","0.0","0:00","No","00:00.00","--","0.0","00:00:00","00:40:53","36","88"
Running,2017-05-03 09:56:29,false,"Starkville Running","5.00","541","00:35:21","0","0","170","231","7:04","5:40","61","69","1.34","0.0","0.0","0","0.0","0","0","0.0","0.0","0","0","0","0:00","0.0","0:00","No","00:00.00","--","0.0","00:00:00","00:35:45","305","402"
Running,2017-05-02 15:03:03,false,"Starkville Running","6.21","650","00:40:57","0","0","171","181","6:36","5:57","174","151","1.42","0.0","0.0","0","0.0","0","0","0.0","0.0","0","0","0","0:00","0.0","0:00","No","00:00.00","--","0.0","00:00:00","00:41:51","283","400"
Running,2017-05-01 07:36:39,false,"Starkville Running","4.35","476","00:31:09","0","0","173","180","7:10","5:51","92","128","1.30","0.0","0.0","0","0.0","0","0","0.0","0.0","0","0","0","0:00","0.0","0:00","No","00:00.00","--","0.0","00:00:00","00:31:26","304","403"
Running,2017-04-29 08:28:11,false,"Starkville Running","6.04","649","00:42:26","0","0","169","176","7:02","6:30","222","190","1.35","0.0","0.0","0","0.0","0","0","0.0","0.0","0","0","0","0:00","0.0","0:00","No","00:00.00","--","0.0","00:00:00","00:43:07","262","351"
Running,2017-04-25 07:38:25,false,"Starkville Running","5.27","569","00:35:03","0","0","171","174","6:39","6:09","35","35","1.42","0.0","0.0","0","0.0","0","0","0.0","0.0","0","0","0","0:00","0.0","0:00","No","00:00.00","--","0.0","00:00:00","00:35:03","259","282"
Running,2017-04-24 07:31:59,false,"Starkville Running","4.18","455","00:29:01","0","0","172","190","6:56","5:24","49","75","1.35","0.0","0.0","0","0.0","0","0","0.0","0.0","0","0","0","0:00","0.0","0:00","No","00:00.00","--","0.0","00:00:00","00:29:01","342","400"
Running,2017-04-22 08:10:59,false,"Starkville Running","7.00","752","00:48:47","0","0","170","176","6:58","6:31","124","120","1.36","0.0","0.0","0","0.0","0","0","0.0","0.0","0","0","0","0:00","0.0","0:00","No","00:00.00","--","0.0","00:00:00","00:49:15","259","347"
Running,2017-04-21 07:32:16,false,"Starkville Running","6.02","643","00:39:52","0","0","171","219","6:37","6:02","138","103","1.42","0.0","0.0","0","0.0","0","0","0.0","0.0","0","0","0","0:00","0.0","0:00","No","00:00.00","--","0.0","00:00:00","00:40:34","259","350"
Running,2017-04-20 07:44:39,false,"Starkville Running","6.00","647","00:41:26","0","0","170","178","6:54","6:26","121","134","1.37","0.0","0.0","0","0.0","0","0","0.0","0.0","0","0","0","0:00","0.0","0:00","No","00:00.00","--","0.0","00:00:00","00:42:19","259","347"
Running,2017-04-18 07:32:28,false,"Mississippi State Running","5.06","545","00:35:57","0","0","172","184","7:06","6:01","94","101","1.32","0.0","0.0","0","0.0","0","0","0.0","0.0","0","0","0","0:00","0.0","0:00","No","00:00.00","--","0.0","00:00:00","00:37:33","322","384"
Running,2017-04-17 18:28:11,false,"Starkville Running","4.57","481","00:38:10","0","0","166","179","8:21","5:36","71","94","1.16","0.0","0.0","0","0.0","0","0","0.0","0.0","0","0","0","0:00","0.0","0:00","No","00:00.00","--","0.0","00:00:00","00:39:09","341","401"
Running,2017-04-16 09:30:46,false,"Moss Point Running","5.11","554","00:35:01","0","0","170","178","6:51","6:11","47","53","1.38","0.0","0.0","0","0.0","0","0","0.0","0.0","0","0","0","0:00","0.0","0:00","No","00:00.00","--","0.0","00:00:00","00:35:01","37","87"
Running,2017-04-15 08:36:13,false,"Moss Point Running","4.32","469","00:30:04","0","0","170","176","6:57","5:53","71","74","1.36","0.0","0.0","0","0.0","0","0","0.0","0.0","0","0","0","0:00","0.0","0:00","No","00:00.00","--","0.0","00:00:00","00:30:31","37","88"
Running,2017-03-18 08:50:53,false,"Starkville Running","11.03","1,194","01:20:02","0","0","180","190","7:15","5:57","271","276","1.24","0.0","0.0","0","0.0","0","0","0.0","0.0","0","0","0","0:00","0.0","0:00","No","00:00.00","--","0.0","00:00:00","01:25:18","289","384"
Running,2017-03-17 19:25:58,false,"Starkville Running","1.71","184","00:15:00","0","0","168","178","8:46","7:54","58","42","1.09","0.0","0.0","0","0.0","0","0","0.0","0.0","0","0","0","0:00","0.0","0:00","No","00:00.00","--","0.0","00:00:00","00:15:28","340","390"
Running,2017-03-17 18:56:36,false,"Starkville Running","3.15","336","00:16:17","0","0","183","203","5:11","4:28","17","13","1.70","0.0","0.0","0","0.0","0","0","0.0","0.0","0","0","0","0:00","0.0","0:00","No","00:00.00","--","0.0","00:00:00","00:26:55","326","343"
Running,2017-03-17 18:04:08,false,"Starkville Running","1.66","177","00:11:06","0","0","175","184","6:42","6:17","83","60","1.37","0.0","0.0","0","0.0","0","0","0.0","0.0","0","0","0","0:00","0.0","0:00","No","00:00.00","--","0.0","00:00:00","00:11:17","298","345"
Running,2017-03-16 11:09:49,false,"Starkville Running","4.35","469","00:30:22","0","0","178","191","6:59","3:44","46","38","1.29","0.0","0.0","0","0.0","0","0","0.0","0.0","0","0","0","0:00","0.0","0:00","No","00:00.00","--","0.0","00:00:00","00:31:07","338","389"
Running,2017-03-15 08:50:31,false,"Lucedale Running","2.62","282","00:19:02","0","0","175","181","7:16","6:34","20","31","1.27","0.0","0.0","0","0.0","0","0","0.0","0.0","0","0","0","0:00","0.0","0:00","No","00:00.00","--","0.0","00:00:00","00:19:02","108","140"
Running,2017-03-14 09:37:25,false,"Moss Point Running","1.47","158","00:11:50","0","0","169","177","8:03","7:12","20","16","1.18","0.0","0.0","0","0.0","0","0","0.0","0.0","0","0","0","0:00","0.0","0:00","No","00:00.00","--","0.0","00:00:00","00:13:10","86","115"
Running,2017-03-14 09:01:51,false,"Moss Point Running","2.60","261","00:24:14","0","0","169","201","9:18","4:27","--","--","1.03","0.0","0.0","0","0.0","0","0","0.0","0.0","0","0","0","0:00","0.0","0:00","No","00:00.00","--","0.0","00:00:00","00:24:16","85","95"
Running,2017-03-14 08:35:05,false,"Moss Point Running","1.90","205","00:13:42","0","0","173","177","7:14","6:49","35","36","1.29","0.0","0.0","0","0.0","0","0","0.0","0.0","0","0","0","0:00","0.0","0:00","No","00:00.00","--","0.0","00:00:00","00:13:42","89","115"
Running,2017-03-13 09:43:15,false,"Moss Point Running","6.85","743","00:50:01","0","0","173","177","7:18","6:27","132","136","1.27","0.0","0.0","0","0.0","0","0","0.0","0.0","0","0","0","0:00","0.0","0:00","No","00:00.00","--","0.0","00:00:00","00:50:06","69","124"
Running,2017-03-12 07:46:41,false,"Mobile Running","13.42","1,446","01:30:04","0","0","175","192","6:43","4:47","276","282","1.37","0.0","0.0","0","0.0","0","0","0.0","0.0","0","0","0","0:00","0.0","0:00","No","00:00.00","--","0.0","00:00:00","01:31:08","129","208"
Running,2017-03-11 06:59:04,false,"Lucedale Running","5.95","644","00:43:39","0","0","172","178","7:20","6:35","118","115","1.27","0.0","0.0","0","0.0","0","0","0.0","0.0","0","0","0","0:00","0.0","0:00","No","00:00.00","--","0.0","00:00:00","00:43:50","69","124"
Running,2017-03-10 08:32:47,false,"Starkville Running","0.87","94","00:06:29.8","0","0","175","182","7:26","6:35","54","30","1.24","0.0","0.0","0","0.0","0","0","0.0","0.0","0","0","0","0:00","0.0","0:00","No","00:00.00","--","0.0","00:00:00","00:06:38.7","298","342"
Running,2017-03-10 07:53:15,false,"Starkville Running","5.92","632","00:36:50","0","0","179","201","6:14","4:49","88","72","1.44","0.0","0.0","0","0.0","0","0","0.0","0.0","0","0","0","0:00","0.0","0:00","No","00:00.00","--","0.0","00:00:00","00:36:50","299","344"
Running,2017-03-10 07:35:11,false,"Starkville Running","1.81","196","00:13:11","0","0","177","186","7:16","6:23","56","66","1.25","0.0","0.0","0","0.0","0","0","0.0","0.0","0","0","0","0:00","0.0","0:00","No","00:00.00","--","0.0","00:00:00","00:14:00","298","382"
Running,2017-03-09 07:34:50,false,"Starkville Running","6.77","736","00:49:46","0","0","176","188","7:21","6:17","148","149","1.24","0.0","0.0","0","0.0","0","0","0.0","0.0","0","0","0","0:00","0.0","0:00","No","00:00.00","--","0.0","00:00:00","00:50:40","322","396"
Running,2017-03-08 17:40:51,false,"Starkville Running","3.86","416","00:28:02","0","0","172","184","7:15","6:38","113","109","1.29","0.0","0.0","0","0.0","0","0","0.0","0.0","0","0","0","0:00","0.0","0:00","No","00:00.00","--","0.0","00:00:00","00:28:55","331","401"
Running,2017-03-08 07:34:28,false,"Starkville Running","6.95","750","00:49:30","0","0","178","189","7:07","6:04","196","180","1.27","0.0","0.0","0","0.0","0","0","0.0","0.0","0","0","0","0:00","0.0","0:00","No","00:00.00","--","0.0","00:00:00","00:50:59","292","401"
Running,2017-03-07 07:47:39,false,"Starkville Running","5.54","527","00:53:04","0","0","163","211","9:34","4:11","63","76","1.03","0.0","0.0","0","0.0","0","0","0.0","0.0","0","0","0","0:00","0.0","0:00","No","00:00.00","--","0.0","00:00:00","00:54:20","305","353"
Running,2017-03-07 07:18:25,false,"Starkville Running","1.99","214","00:14:19","0","0","172","226","7:11","5:34","96","113","1.30","0.0","0.0","0","0.0","0","0","0.0","0.0","0","0","0","0:00","0.0","0:00","No","00:00.00","--","0.0","00:00:00","00:14:54","298","347"
Running,2017-03-06 07:33:30,false,"Starkville Running","7.38","795","00:49:43","0","0","179","186","6:44","6:15","210","216","1.34","0.0","0.0","0","0.0","0","0","0.0","0.0","0","0","0","0:00","0.0","0:00","No","00:00.00","--","0.0","00:00:00","00:50:20","259","348"
Running,2017-03-05 10:21:50,false,"Starkville Running","1.97","215","00:15:01","0","0","173","178","7:37","7:09","27","28","1.22","0.0","0.0","0","0.0","0","0","0.0","0.0","0","0","0","0:00","0.0","0:00","No","00:00.00","--","0.0","00:00:00","00:16:04","259","287"
Running,2017-03-04 10:10:49,false,"Starkville Running","1.01","108","00:05:25.1","0","0","184","194","5:23","4:47","11","10","1.63","0.0","0.0","0","0.0","0","0","0.0","0.0","0","0","0","0:00","0.0","0:00","No","00:00.00","--","0.0","00:00:00","00:05:25.1","269","282"
Running,2017-03-04 09:57:20,false,"Starkville Running","1.99","211","00:11:14","0","0","182","192","5:39","5:09","7","13","1.56","0.0","0.0","0","0.0","0","0","0.0","0.0","0","0","0","0:00","0.0","0:00","No","00:00.00","--","0.0","00:00:00","00:11:14","259","284"
Running,2017-03-04 09:32:40,false,"Starkville Running","3.99","426","00:22:25","0","0","182","196","5:37","5:02","30","33","1.57","0.0","0.0","0","0.0","0","0","0.0","0.0","0","0","0","0:00","0.0","0:00","No","00:00.00","--","0.0","00:00:00","00:22:25","259","286"
Running,2017-03-04 09:06:54,false,"Starkville Running","1.98","214","00:13:32","0","0","175","184","6:50","6:31","47","104","1.35","0.0","0.0","0","0.0","0","0","0.0","0.0","0","0","0","0:00","0.0","0:00","No","00:00.00","--","0.0","00:00:00","00:13:32","271","344"
Running,2017-03-03 07:35:20,false,"Starkville Running","6.47","698","00:47:28","0","0","173","196","7:21","6:49","115","105","1.26","0.0","0.0","0","0.0","0","0","0.0","0.0","0","0","0","0:00","0.0","0:00","No","00:00.00","--","0.0","00:00:00","00:49:08","259","345"
Running,2017-03-01 07:33:20,false,"Starkville Running","6.91","743","00:48:52","0","0","175","188","7:04","5:51","96","177","1.30","0.0","0.0","0","0.0","0","0","0.0","0.0","0","0","0","0:00","0.0","0:00","No","00:00.00","--","0.0","00:00:00","00:50:12","298","401"
Running,2017-02-28 07:36:03,false,"Starkville Running","11.72","1,253","01:20:33","0","0","177","186","6:52","6:15","257","280","1.32","0.0","0.0","0","0.0","0","0","0.0","0.0","0","0","0","0:00","0.0","0:00","No","00:00.00","--","0.0","00:00:00","01:26:41","298","400"
Running,2017-02-27 08:05:44,false,"Starkville Running","4.34","478","00:32:02","0","0","177","193","7:23","6:07","--","43","1.23","0.0","0.0","0","0.0","0","0","0.0","0.0","0","0","0","0:00","0.0","0:00","No","00:00.00","--","0.0","00:00:00","00:32:25","335","400"
Running,2017-02-26 09:24:49,false,"Starkville Running","4.78","519","00:35:04","0","0","173","177","7:21","6:45","33","31","1.27","0.0","0.0","0","0.0","0","0","0.0","0.0","0","0","0","0:00","0.0","0:00","No","00:00.00","--","0.0","00:00:00","00:36:31","259","290"
Running,2017-02-25 09:45:57,false,"Starkville Running","13.54","1,437","01:29:50","0","0","176","189","6:38","5:36","47","47","1.38","0.0","0.0","0","0.0","0","0","0.0","0.0","0","0","0","0:00","0.0","0:00","No","00:00.00","--","0.0","00:00:00","01:32:30","220","253"
Running,2017-02-24 07:34:01,false,"Starkville Running","8.04","861","00:57:09","0","0","175","186","7:06","6:12","248","250","1.29","0.0","0.0","0","0.0","0","0","0.0","0.0","0","0","0","0:00","0.0","0:00","No","00:00.00","--","0.0","00:00:00","01:02:10","298","401"
Running,2017-02-23 16:55:16,false,"Starkville Running","4.16","447","00:30:01","0","0","170","180","7:13","6:36","72","70","1.32","0.0","0.0","0","0.0","0","0","0.0","0.0","0","0","0","0:00","0.0","0:00","No","00:00.00","--","0.0","00:00:00","00:31:32","319","377"
Running,2017-02-23 08:32:36,false,"Starkville Running","1.91","209","00:14:52","0","0","172","181","7:48","7:05","49","41","1.20","0.0","0.0","0","0.0","0","0","0.0","0.0","0","0","0","0:00","0.0","0:00","No","00:00.00","--","0.0","00:00:00","00:14:52","342","394"
Running,2017-02-23 08:04:50,false,"Starkville Running","2.05","175","00:22:15","0","0","160","236","10:50","2:59","4","7","0.93","0.0","0.0","0","0.0","0","0","0.0","0.0","0","0","0","0:00","0.0","0:00","No","00:00.00","--","0.0","00:00:00","00:22:15","327","342"
Running,2017-02-23 07:32:15,false,"Starkville Running","2.00","216","00:14:30","0","0","174","184","7:14","6:00","62","79","1.27","0.0","0.0","0","0.0","0","0","0.0","0.0","0","0","0","0:00","0.0","0:00","No","00:00.00","--","0.0","00:00:00","00:15:24","297","346"
Running,2017-02-22 15:31:07,false,"Starkville Running","4.08","437","00:29:27","0","0","171","180","7:13","6:42","66","51","1.30","0.0","0.0","0","0.0","0","0","0.0","0.0","0","0","0","0:00","0.0","0:00","No","00:00.00","--","0.0","00:00:00","00:30:08","343","402"
Running,2017-02-22 07:34:01,false,"Starkville Running","5.60","601","00:40:06","0","0","174","184","7:09","5:56","94","101","1.29","0.0","0.0","0","0.0","0","0","0.0","0.0","0","0","0","0:00","0.0","0:00","No","00:00.00","--","0.0","00:00:00","00:42:45","259","347"
Running,2017-02-21 08:17:31,false,"Starkville Running","1.68","182","00:13:38","0","0","172","178","8:07","6:30","42","45","1.16","0.0","0.0","0","0.0","0","0","0.0","0.0","0","0","0","0:00","0.0","0:00","No","00:00.00","--","0.0","00:00:00","00:14:36","305","355"
Running,2017-02-21 07:38:10,false,"Starkville Running","4.30","430","00:31:48","0","0","176","211","7:24","4:27","--","5","1.23","0.0","0.0","0","0.0","0","0","0.0","0.0","0","0","0","0:00","0.0","0:00","No","00:00.00","--","0.0","00:00:00","00:32:00","327","345"
Running,2017-02-21 06:53:20,false,"Starkville Running","2.00","216","00:14:35","0","0","173","180","7:17","6:38","44","61","1.28","0.0","0.0","0","0.0","0","0","0.0","0.0","0","0","0","0:00","0.0","0:00","No","00:00.00","--","0.0","00:00:00","00:15:09","298","347"
Running,2017-02-20 07:33:27,false,"Starkville Running","6.38","683","00:45:18","0","0","174","196","7:06","5:51","86","94","1.30","0.0","0.0","0","0.0","0","0","0.0","0.0","0","0","0","0:00","0.0","0:00","No","00:00.00","--","0.0","00:00:00","00:47:20","298","401"
Running,2017-02-19 11:09:55,false,"Starkville Running","2.98","322","00:21:24","0","0","173","180","7:11","6:38","69","69","1.29","0.0","0.0","0","0.0","0","0","0.0","0.0","0","0","0","0:00","0.0","0:00","No","00:00.00","--","0.0","00:00:00","00:21:24","341","386"
Running,2017-02-18 09:04:16,false,"Starkville Running","10.21","1,101","01:10:04","0","0","177","187","6:52","5:40","201","188","1.32","0.0","0.0","0","0.0","0","0","0.0","0.0","0","0","0","0:00","0.0","0:00","No","00:00.00","--","0.0","00:00:00","01:14:10","289","384"
Running,2017-02-17 08:17:29,false,"Starkville Running","1.81","196","00:14:14","0","0","171","178","7:52","7:11","62","--","1.20","0.0","0.0","0","0.0","0","0","0.0","0.0","0","0","0","0:00","0.0","0:00","No","00:00.00","--","0.0","00:00:00","00:14:46","269","348"
Running,2017-02-17 07:44:53,false,"Starkville Running","4.86","519","00:27:11","0","0","184","199","5:35","4:42","72","127","1.57","0.0","0.0","0","0.0","0","0","0.0","0.0","0","0","0","0:00","0.0","0:00","No","00:00.00","--","0.0","00:00:00","00:27:11","259","336"
Running,2017-02-17 07:03:12,false,"Starkville Running","2.00","215","00:14:14","0","0","176","183","7:07","6:37","123","139","1.28","0.0","0.0","0","0.0","0","0","0.0","0.0","0","0","0","0:00","0.0","0:00","No","00:00.00","--","0.0","00:00:00","00:14:45","298","347"
Running,2017-02-16 17:51:21,false,"Starkville Running","2.61","281","00:19:09","0","0","172","178","7:19","6:35","55","59","1.28","0.0","0.0","0","0.0","0","0","0.0","0.0","0","0","0","0:00","0.0","0:00","No","00:00.00","--","0.0","00:00:00","00:19:31","329","377"
Running,2017-02-16 08:29:24,false,"Starkville Running","2.65","290","00:20:04","0","0","176","185","7:35","7:01","68","54","1.21","0.0","0.0","0","0.0","0","0","0.0","0.0","0","0","0","0:00","0.0","0:00","No","00:00.00","--","0.0","00:00:00","00:20:17","341","384"
Running,2017-02-16 07:32:23,false,"Starkville Running","2.01","216","00:14:25","0","0","178","196","7:09","6:20","124","141","1.26","0.0","0.0","0","0.0","0","0","0.0","0.0","0","0","0","0:00","0.0","0:00","No","00:00.00","--","0.0","00:00:00","00:16:13","297","348"
Running,2017-02-15 15:22:48,false,"Starkville Running","3.97","427","00:27:35","0","0","176","190","6:57","6:17","61","57","1.31","0.0","0.0","0","0.0","0","0","0.0","0.0","0","0","0","0:00","0.0","0:00","No","00:00.00","--","0.0","00:00:00","00:28:00","315","381"
Running,2017-02-15 07:32:35,false,"Starkville Running","4.08","442","00:29:37","0","0","177","186","7:16","6:37","90","74","1.25","0.0","0.0","0","0.0","0","0","0.0","0.0","0","0","0","0:00","0.0","0:00","No","00:00.00","--","0.0","00:00:00","00:30:01","341","400"
Running,2017-02-14 08:39:40,false,"Starkville Running","1.92","206","00:16:18","0","0","170","177","8:29","7:09","62","66","1.11","0.0","0.0","0","0.0","0","0","0.0","0.0","0","0","0","0:00","0.0","0:00","No","00:00.00","--","0.0","00:00:00","00:17:12","322","355"
Running,2017-02-14 07:49:17,false,"Starkville Running","4.67","438","00:38:46","0","0","173","235","8:18","4:05","28","33","1.12","0.0","0.0","0","0.0","0","0","0.0","0.0","0","0","0","0:00","0.0","0:00","No","00:00.00","--","0.0","00:00:00","00:38:46","327","345"
Running,2017-02-14 07:14:18,false,"Starkville Running","1.98","211","00:14:24","0","0","173","181","7:16","6:25","124","133","1.28","0.0","0.0","0","0.0","0","0","0.0","0.0","0","0","0","0:00","0.0","0:00","No","00:00.00","--","0.0","00:00:00","00:15:22","298","344"
Running,2017-02-13 07:31:36,false,"Starkville Running","5.80","624","00:40:35","0","0","175","191","7:00","5:40","126","133","1.31","0.0","0.0","0","0.0","0","0","0.0","0.0","0","0","0","0:00","0.0","0:00","No","00:00.00","--","0.0","00:00:00","00:42:39","259","348"
Running,2017-02-12 07:30:59,false,"Mobile Running","12.95","1,396","01:26:48","0","0","174","190","6:42","6:05","309","296","1.38","0.0","0.0","0","0.0","0","0","0.0","0.0","0","0","0","0:00","0.0","0:00","No","00:00.00","--","0.0","00:00:00","01:28:47","128","208"
Running,2017-02-11 08:20:36,false,"Moss Point Running","1.93","211","00:14:46","0","0","169","172","7:39","6:58","6","9","1.25","0.0","0.0","0","0.0","0","0","0.0","0.0","0","0","0","0:00","0.0","0:00","No","00:00.00","--","0.0","00:00:00","00:15:32","83","102"
Running,2017-02-11 08:03:41,false,"Moss Point Running","2.89","313","00:16:01","0","0","180","196","5:33","4:34","39","45","1.61","0.0","0.0","0","0.0","0","0","0.0","0.0","0","0","0","0:00","0.0","0:00","No","00:00.00","--","0.0","00:00:00","00:16:01","89","115"
Running,2017-02-11 07:45:13,false,"Moss Point Running","1.95","211","00:14:59","0","0","170","177","7:42","6:11","9","8","1.23","0.0","0.0","0","0.0","0","0","0.0","0.0","0","0","0","0:00","0.0","0:00","No","00:00.00","--","0.0","00:00:00","00:14:59","89","102"
Running,2017-02-10 09:06:38,false,"Starkville Running","5.02","541","00:35:12","0","0","173","180","7:01","6:33","41","38","1.32","0.0","0.0","0","0.0","0","0","0.0","0.0","0","0","0","0:00","0.0","0:00","No","00:00.00","--","0.0","00:00:00","00:35:12","259","289"
Running,2017-02-09 07:33:15,false,"Starkville Running","7.06","756","00:50:02","0","0","173","184","7:05","6:40","173","191","1.31","0.0","0.0","0","0.0","0","0","0.0","0.0","0","0","0","0:00","0.0","0:00","No","00:00.00","--","0.0","00:00:00","00:50:15","259","347"
Running,2017-02-08 17:50:42,false,"Starkville Running","2.11","229","00:16:13","0","0","167","174","7:42","7:00","--","14","1.25","0.0","0.0","0","0.0","0","0","0.0","0.0","0","0","0","0:00","0.0","0:00","No","00:00.00","--","0.0","00:00:00","00:18:38","305","344"
Running,2017-02-08 08:57:28,false,"Starkville Running","0.82","87","00:06:54.8","0","0","168","174","8:28","7:36","21","23","1.13","0.0","0.0","0","0.0","0","0","0.0","0.0","0","0","0","0:00","0.0","0:00","No","00:00.00","--","0.0","00:00:00","00:07:38.2","322","355"
Running,2017-02-08 08:13:41,false,"Starkville Running","2.50","219","00:33:34","0","0","154","243","13:24","3:05","18","21","0.78","0.0","0.0","0","0.0","0","0","0.0","0.0","0","0","0","0:00","0.0","0:00","No","00:00.00","--","0.0","00:00:00","00:33:34","327","345"
Running,2017-02-08 07:32:08,false,"Starkville Running","2.00","215","00:14:19","0","0","176","182","7:09","6:42","121","132","1.28","0.0","0.0","0","0.0","0","0","0.0","0.0","0","0","0","0:00","0.0","0:00","No","00:00.00","--","0.0","00:00:00","00:15:46","297","344"
Running,2017-02-07 17:53:44,false,"Starkville Running","4.00","433","00:28:57","0","0","171","178","7:14","6:50","73","83","1.30","0.0","0.0","0","0.0","0","0","0.0","0.0","0","0","0","0:00","0.0","0:00","No","00:00.00","--","0.0","00:00:00","00:29:00","332","401"
Running,2017-02-07 07:33:03,false,"Starkville Running","3.95","428","00:29:35","0","0","174","184","7:30","6:24","108","106","1.23","0.0","0.0","0","0.0","0","0","0.0","0.0","0","0","0","0:00","0.0","0:00","No","00:00.00","--","0.0","00:00:00","00:29:51","338","401"
Running,2017-02-06 07:37:46,false,"Starkville Running","9.93","1,066","01:07:09","0","0","177","187","6:46","6:16","253","267","1.34","0.0","0.0","0","0.0","0","0","0.0","0.0","0","0","0","0:00","0.0","0:00","No","00:00.00","--","0.0","00:00:00","01:11:19","259","394"
Running,2017-02-05 09:21:26,false,"Starkville Running","4.46","484","00:32:48","0","0","172","238","7:22","6:47","200","201","1.27","0.0","0.0","0","0.0","0","0","0.0","0.0","0","0","0","0:00","0.0","0:00","No","00:00.00","--","0.0","00:00:00","00:33:51","270","346"
Running,2017-02-04 10:47:04,false,"Brooksville Running","1.85","195","00:13:00","0","0","179","185","7:01","6:22","16","22","1.28","0.0","0.0","0","0.0","0","0","0.0","0.0","0","0","0","0:00","0.0","0:00","No","00:00.00","--","0.0","00:00:00","00:13:26","220","253"
Running,2017-02-04 09:57:23,false,"Brooksville Running","8.01","849","00:46:34","0","0","180","189","5:49","5:29","58","52","1.54","0.0","0.0","0","0.0","0","0","0.0","0.0","0","0","0","0:00","0.0","0:00","No","00:00.00","--","0.0","00:00:00","00:46:34","221","261"
Running,2017-02-04 09:33:23,false,"Brooksville Running","2.00","215","00:13:19","0","0","177","183","6:40","6:02","--","5","1.37","0.0","0.0","0","0.0","0","0","0.0","0.0","0","0","0","0:00","0.0","0:00","No","00:00.00","--","0.0","00:00:00","00:13:19","220","230"
Running,2017-02-03 07:46:53,false,"Mississippi State Running","6.69","717","00:47:38","0","0","176","235","7:07","5:40","150","194","1.28","0.0","0.0","0","0.0","0","0","0.0","0.0","0","0","0","0:00","0.0","0:00","No","00:00.00","--","0.0","00:00:00","00:49:14","298","402"
Running,2017-02-02 17:10:17,false,"Starkville Running","5.14","552","00:35:40","0","0","175","184","6:56","5:59","73","96","1.33","0.0","0.0","0","0.0","0","0","0.0","0.0","0","0","0","0:00","0.0","0:00","No","00:00.00","--","0.0","00:00:00","00:36:35","305","402"
Running,2017-02-02 08:27:21,false,"Starkville Running","1.82","197","00:14:36","0","0","173","185","8:02","6:52","60","46","1.16","0.0","0.0","0","0.0","0","0","0.0","0.0","0","0","0","0:00","0.0","0:00","No","00:00.00","--","0.0","00:00:00","00:15:33","340","394"
Running,2017-02-02 07:32:34,false,"Starkville Running","1.98","212","00:14:24","0","0","175","184","7:17","6:37","37","51","1.26","0.0","0.0","0","0.0","0","0","0.0","0.0","0","0","0","0:00","0.0","0:00","No","00:00.00","--","0.0","00:00:00","00:14:58","298","345"
Running,2017-02-01 07:32:37,false,"Starkville Running","7.21","776","00:48:44","0","0","177","186","6:46","6:11","149","154","1.34","0.0","0.0","0","0.0","0","0","0.0","0.0","0","0","0","0:00","0.0","0:00","No","00:00.00","--","0.0","00:00:00","00:49:47","246","340"
Running,2017-01-31 08:51:29,false,"Starkville Running","2.04","222","00:15:21","0","0","175","182","7:31","6:55","52","69","1.22","0.0","0.0","0","0.0","0","0","0.0","0.0","0","0","0","0:00","0.0","0:00","No","00:00.00","--","0.0","00:00:00","00:15:40","298","348"
Running,2017-01-31 07:48:51,false,"Starkville Running","5.85","537","00:52:36","0","0","173","211","8:59","4:12","68","70","1.03","0.0","0.0","0","0.0","0","0","0.0","0.0","0","0","0","0:00","0.0","0:00","No","00:00.00","--","0.0","00:00:00","00:52:36","327","351"
Running,2017-01-31 07:18:45,false,"Starkville Running","1.99","215","00:14:26","0","0","172","179","7:16","6:38","25","18","1.29","0.0","0.0","0","0.0","0","0","0.0","0.0","0","0","0","0:00","0.0","0:00","No","00:00.00","--","0.0","00:00:00","00:14:51","297","348"
Running,2017-01-30 07:33:04,false,"Starkville Running","8.89","959","01:00:01","0","0","178","191","6:45","5:38","107","123","1.34","0.0","0.0","0","0.0","0","0","0.0","0.0","0","0","0","0:00","0.0","0:00","No","00:00.00","--","0.0","00:00:00","01:02:53","299","384"
Running,2017-01-28 11:11:54,false,"Starkville Running","1.98","214","00:14:49","0","0","178","188","7:28","2:33","128","141","1.21","0.0","0.0","0","0.0","0","0","0.0","0.0","0","0","0","0:00","0.0","0:00","No","00:00.00","--","0.0","00:00:00","00:15:24","298","346"
Running,2017-01-28 10:19:35,false,"Running","4.10","396","00:45:18","0","0","163","211","11:03","4:02","41","47","0.89","0.0","0.0","0","0.0","0","0","0.0","0.0","0","0","0","0:00","0.0","0:00","No","00:00.00","--","0.0","00:00:00","00:45:18","327","346"
Running,2017-01-28 09:33:20,false,"Starkville Running","1.85","199","00:13:29","0","0","175","190","7:16","6:33","--","24","1.26","0.0","0.0","0","0.0","0","0","0.0","0.0","0","0","0","0:00","0.0","0:00","No","00:00.00","--","0.0","00:00:00","00:13:58","341","383"
Running,2017-01-27 08:40:55,false,"Starkville Running","4.08","439","00:28:51","0","0","178","187","7:05","6:23","78","66","1.27","0.0","0.0","0","0.0","0","0","0.0","0.0","0","0","0","0:00","0.0","0:00","No","00:00.00","--","0.0","00:00:00","00:29:20","340","401"
Running,2017-01-27 07:35:12,false,"Starkville Running","1.95","211","00:13:35","0","0","179","197","6:59","5:42","--","--","1.29","0.0","0.0","0","0.0","0","0","0.0","0.0","0","0","0","0:00","0.0","0:00","No","00:00.00","--","0.0","00:00:00","00:13:35","330","340"
Running,2017-01-26 07:31:53,false,"Starkville Running","7.98","858","00:55:40","0","0","177","188","6:58","6:05","163","168","1.30","0.0","0.0","0","0.0","0","0","0.0","0.0","0","0","0","0:00","0.0","0:00","No","00:00.00","--","0.0","00:00:00","00:56:41","259","350"
Running,2017-01-25 17:37:18,false,"Mississippi State Running","1.49","162","00:11:31","0","0","172","180","7:44","6:48","34","19","1.21","0.0","0.0","0","0.0","0","0","0.0","0.0","0","0","0","0:00","0.0","0:00","No","00:00.00","--","0.0","00:00:00","00:11:37","342","379"
Running,2017-01-25 08:53:14,false,"Starkville Running","1.97","213","00:14:59","0","0","174","183","7:37","6:48","48","50","1.21","0.0","0.0","0","0.0","0","0","0.0","0.0","0","0","0","0:00","0.0","0:00","No","00:00.00","--","0.0","00:00:00","00:14:59","341","394"
Running,2017-01-25 08:13:49,false,"Starkville Running","2.86","256","00:30:45","0","0","172","219","10:45","3:20","23","26","0.87","0.0","0.0","0","0.0","0","0","0.0","0.0","0","0","0","0:00","0.0","0:00","No","00:00.00","--","0.0","00:00:00","00:30:45","327","345"
Running,2017-01-25 07:32:34,false,"Starkville Running","1.98","213","00:14:03","0","0","177","187","7:07","6:28","119","128","1.28","0.0","0.0","0","0.0","0","0","0.0","0.0","0","0","0","0:00","0.0","0:00","No","00:00.00","--","0.0","00:00:00","00:14:58","298","344"
Running,2017-01-24 07:33:02,false,"Starkville Running","6.93","745","00:49:02","0","0","174","190","7:05","6:20","153","145","1.30","0.0","0.0","0","0.0","0","0","0.0","0.0","0","0","0","0:00","0.0","0:00","No","00:00.00","--","0.0","00:00:00","00:49:59","259","350"
Running,2017-01-23 07:32:00,false,"Starkville Running","13.03","1,403","01:25:21","0","0","181","193","6:33","5:51","237","235","1.36","0.0","0.0","0","0.0","0","0","0.0","0.0","0","0","0","0:00","0.0","0:00","No","00:00.00","--","0.0","00:00:00","01:30:33","289","402"
Running,2017-01-22 10:34:54,false,"Starkville Running","3.92","424","00:29:38","0","0","173","178","7:34","7:08","71","80","1.23","0.0","0.0","0","0.0","0","0","0.0","0.0","0","0","0","0:00","0.0","0:00","No","00:00.00","--","0.0","00:00:00","00:31:00","329","377"
Running,2017-01-21 11:15:59,false,"Brooksville Running","1.42","149","00:13:25","0","0","170","178","9:26","7:34","--","8","1.00","0.0","0.0","0","0.0","0","0","0.0","0.0","0","0","0","0:00","0.0","0:00","No","00:00.00","--","0.0","00:00:00","00:13:25","220","230"
Running,2017-01-21 10:24:52,false,"Brooksville Running","5.97","633","00:34:30","0","0","180","194","5:47","5:02","52","54","1.54","0.0","0.0","0","0.0","0","0","0.0","0.0","0","0","0","0:00","0.0","0:00","No","00:00.00","--","0.0","00:00:00","00:34:30","220","253"
Running,2017-01-21 10:04:02,false,"Brooksville Running","1.94","206","00:18:13","0","0","169","184","9:23","6:10","--","4","1.02","0.0","0.0","0","0.0","0","0","0.0","0.0","0","0","0","0:00","0.0","0:00","No","00:00.00","--","0.0","00:00:00","00:18:13","220","230"
Running,2017-01-20 13:50:04,false,"Starkville Running","4.80","523","00:35:17","0","0","170","184","7:21","6:48","134","133","1.29","0.0","0.0","0","0.0","0","0","0.0","0.0","0","0","0","0:00","0.0","0:00","No","00:00.00","--","0.0","00:00:00","00:36:26","266","351"
Running,2017-01-20 07:41:56,false,"Starkville Running","4.89","531","00:36:05","0","0","176","184","7:23","6:22","140","99","1.24","0.0","0.0","0","0.0","0","0","0.0","0.0","0","0","0","0:00","0.0","0:00","No","00:00.00","--","0.0","00:00:00","00:36:54","269","347"
Running,2017-01-19 07:32:19,false,"Starkville Running","8.11","870","00:56:44","0","0","180","192","7:00","5:57","125","98","1.28","0.0","0.0","0","0.0","0","0","0.0","0.0","0","0","0","0:00","0.0","0:00","No","00:00.00","--","0.0","00:00:00","00:58:08","308","401"
Running,2017-01-18 15:39:09,false,"Starkville Running","3.98","437","00:29:53","0","0","178","188","7:30","6:17","140","137","1.21","0.0","0.0","0","0.0","0","0","0.0","0.0","0","0","0","0:00","0.0","0:00","No","00:00.00","--","0.0","00:00:00","00:29:53","269","354"
Running,2017-01-18 07:33:26,false,"Starkville Running","6.00","648","00:42:38","0","0","182","190","7:07","6:24","120","136","1.24","0.0","0.0","0","0.0","0","0","0.0","0.0","0","0","0","0:00","0.0","0:00","No","00:00.00","--","0.0","00:00:00","00:43:06","269","348"
Running,2017-01-17 07:57:54,false,"Starkville Running","7.39","716","01:10:44","0","0","166","239","9:34","3:23","89","80","1.01","0.0","0.0","0","0.0","0","0","0.0","0.0","0","0","0","0:00","0.0","0:00","No","00:00.00","--","0.0","00:00:00","01:10:44","327","394"
Running,2017-01-17 07:25:45,false,"Starkville Running","1.96","212","00:14:11","0","0","177","186","7:13","6:47","91","98","1.26","0.0","0.0","0","0.0","0","0","0.0","0.0","0","0","0","0:00","0.0","0:00","No","00:00.00","--","0.0","00:00:00","00:14:41","297","344"
Running,2017-01-16 10:06:34,false,"Starkville Running","7.28","784","00:48:56","0","0","180","188","6:43","6:18","136","149","1.33","0.0","0.0","0","0.0","0","0","0.0","0.0","0","0","0","0:00","0.0","0:00","No","00:00.00","--","0.0","00:00:00","00:51:15","259","347"
Running,2017-01-15 07:31:20,false,"Starkville Running","12.97","1,392","01:24:42","0","0","179","189","6:32","5:32","265","263","1.38","0.0","0.0","0","0.0","0","0","0.0","0.0","0","0","0","0:00","0.0","0:00","No","00:00.00","--","0.0","00:00:00","01:24:48","289","402"
Running,2017-01-14 10:28:13,false,"Starkville Running","5.95","638","00:42:03","0","0","174","180","7:04","6:49","67","68","1.31","0.0","0.0","0","0.0","0","0","0.0","0.0","0","0","0","0:00","0.0","0:00","No","00:00.00","--","0.0","00:00:00","00:42:03","259","288"
Running,2017-01-13 08:39:45,false,"Starkville Running","6.05","641","00:40:46","0","0","178","232","6:45","4:47","132","126","1.34","0.0","0.0","0","0.0","0","0","0.0","0.0","0","0","0","0:00","0.0","0:00","No","00:00.00","--","0.0","00:00:00","00:40:46","299","344"
Running,2017-01-13 08:05:43,false,"Starkville Running","3.00","321","00:25:23","0","0","171","192","8:28","5:58","81","105","1.11","0.0","0.0","0","0.0","0","0","0.0","0.0","0","0","0","0:00","0.0","0:00","No","00:00.00","--","0.0","00:00:00","00:33:17","297","348"
Running,2017-01-12 18:09:30,false,"Starkville Running","3.10","329","00:22:04","0","0","175","196","7:08","5:30","71","56","1.29","0.0","0.0","0","0.0","0","0","0.0","0.0","0","0","0","0:00","0.0","0:00","No","00:00.00","--","0.0","00:00:00","00:24:18","333","384"
Running,2017-01-12 07:33:53,false,"Starkville Running","4.06","436","00:29:04","0","0","174","188","7:10","5:42","87","70","1.29","0.0","0.0","0","0.0","0","0","0.0","0.0","0","0","0","0:00","0.0","0:00","No","00:00.00","--","0.0","00:00:00","00:29:26","341","401"
Running,2017-01-11 07:33:47,false,"Starkville Running","7.68","829","00:55:05","0","0","176","196","7:10","6:11","165","180","1.27","0.0","0.0","0","0.0","0","0","0.0","0.0","0","0","0","0:00","0.0","0:00","No","00:00.00","--","0.0","00:00:00","00:55:25","259","346"
Running,2017-01-10 08:45:47,false,"Starkville Running","1.93","211","00:15:31","0","0","175","187","8:03","6:44","45","23","1.15","0.0","0.0","0","0.0","0","0","0.0","0.0","0","0","0","0:00","0.0","0:00","No","00:00.00","--","0.0","00:00:00","00:52:30","341","394"
Running,2017-01-10 08:02:15,false,"Starkville Running","5.11","492","00:39:40","0","0","173","237","7:45","3:44","--","7","1.20","0.0","0.0","0","0.0","0","0","0.0","0.0","0","0","0","0:00","0.0","0:00","No","00:00.00","--","0.0","00:00:00","00:39:40","327","350"
Running,2017-01-10 07:31:15,false,"Starkville Running","1.99","214","00:14:01","0","0","177","189","7:02","6:15","54","79","1.29","0.0","0.0","0","0.0","0","0","0.0","0.0","0","0","0","0:00","0.0","0:00","No","00:00.00","--","0.0","00:00:00","00:14:18","298","347"
Running,2017-01-09 07:33:38,false,"Starkville Running","8.20","877","00:53:48","0","0","180","191","6:34","6:01","154","140","1.36","0.0","0.0","0","0.0","0","0","0.0","0.0","0","0","0","0:00","0.0","0:00","No","00:00.00","--","0.0","00:00:00","00:58:16","308","400"
Running,2017-01-08 14:58:12,false,"Starkville Running","3.93","425","00:28:14","0","0","175","183","7:11","5:41","32","37","1.28","0.0","0.0","0","0.0","0","0","0.0","0.0","0","0","0","0:00","0.0","0:00","No","00:00.00","--","0.0","00:00:00","00:28:14","259","284"
Running,2017-01-07 10:12:04,false,"Starkville Running","14.00","1,503","01:30:32","0","0","184","192","6:28","5:36","254","274","1.35","0.0","0.0","0","0.0","0","0","0.0","0.0","0","0","0","0:00","0.0","0:00","No","00:00.00","--","0.0","00:00:00","01:35:16","289","401"
Running,2017-01-06 15:24:49,false,"Starkville Running","1.08","117","00:08:04.7","0","0","181","190","7:28","6:47","14","22","1.19","0.0","0.0","0","0.0","0","0","0.0","0.0","0","0","0","0:00","0.0","0:00","No","00:00.00","--","0.0","00:00:00","00:08:04.7","305","348"
Running,2017-01-06 14:46:36,false,"Starkville Running","3.89","419","00:21:32","0","0","186","200","5:33","4:40","160","168","1.56","0.0","0.0","0","0.0","0","0","0.0","0.0","0","0","0","0:00","0.0","0:00","No","00:00.00","--","0.0","00:00:00","00:21:32","299","344"
Running,2017-01-06 14:05:26,false,"Starkville Running","2.15","232","00:17:41","0","0","173","191","8:15","6:09","92","52","1.13","0.0","0.0","0","0.0","0","0","0.0","0.0","0","0","0","0:00","0.0","0:00","No","00:00.00","--","0.0","00:00:00","00:17:41","296","351"
Running,2017-01-05 09:22:58,false,"Moss Point Running","7.87","850","00:54:31","0","0","176","185","6:56","6:00","189","190","1.32","0.0","0.0","0","0.0","0","0","0.0","0.0","0","0","0","0:00","0.0","0:00","No","00:00.00","--","0.0","00:00:00","00:55:41","69","135"
Running,2017-01-04 14:10:39,false,"Pascagoula Running","1.99","217","00:15:02","0","0","173","182","7:34","7:01","--","--","1.23","0.0","0.0","0","0.0","0","0","0.0","0.0","0","0","0","0:00","0.0","0:00","No","00:00.00","--","0.0","00:00:00","00:15:02","10","13"
Running,2017-01-04 13:21:02,false,"Pascagoula Running","5.39","538","00:44:41","0","0","175","221","8:18","3:59","2","2","1.11","0.0","0.0","0","0.0","0","0","0.0","0.0","0","0","0","0:00","0.0","0:00","No","00:00.00","--","0.0","00:00:00","00:44:44","10","13"
Running,2017-01-04 13:00:44,false,"Pascagoula Running","1.97","212","00:14:11","0","0","172","178","7:12","6:44","--","--","1.30","0.0","0.0","0","0.0","0","0","0.0","0.0","0","0","0","0:00","0.0","0:00","No","00:00.00","--","0.0","00:00:00","00:14:17","10","13"
Running,2017-01-03 10:22:12,false,"Moss Point Running","7.84","848","00:52:41","0","0","176","184","6:43","6:09","195","195","1.36","0.0","0.0","0","0.0","0","0","0.0","0.0","0","0","0","0:00","0.0","0:00","No","00:00.00","--","0.0","00:00:00","00:52:41","69","135"
Running,2017-01-02 09:02:09,false,"Moss Point Running","7.96","855","00:55:57","0","0","174","186","7:02","6:36","114","114","1.31","0.0","0.0","0","0.0","0","0","0.0","0.0","0","0","0","0:00","0.0","0:00","No","00:00.00","--","0.0","00:00:00","00:57:56","43","115"
Running,2017-01-01 08:35:34,false,"Ellijay Running","11.13","1,186","01:30:40","0","0","176","197","8:09","5:58","935","869","1.12","0.0","0.0","0","0.0","0","0","0.0","0.0","0","0","0","0:00","0.0","0:00","No","00:00.00","--","0.0","00:00:00","01:33:25","1,255","1,427"
